transaction_id,reconciliation_id,order_id,payment_id,utr,order_amount,gross_amount,fee,tax,net_settled,bank_credit_amount,variance,matching_result,status,tier,match_method,exception_type,confidence_score,reasoning,root_cause_reasoning,evidence_used,financial_impact,action_required,action_status,timestamp,metadata
REC_T1_pay_std_0001,REC_T1_pay_std_0001,ORD_STD_0001,pay_std_0001,UTR9026STD0001,11689.97,11689.97,233.8,42.08,11414.09,11414.09,0.0,Reconciled,RECONCILED_STANDARD,TIER_1_DETERMINISTIC,Rule-Based,,1.0,"3-Way Match Verified (1:1:1). Standard Razorpay MDR formula applied: 2.00% fee (₹233.80) + 18% GST (₹42.08) = net ₹11414.09, matching bank credit UTR UTR9026STD0001 exactly.","3-Way Match Verified (1:1:1). Standard Razorpay MDR formula applied: 2.00% fee (₹233.80) + 18% GST (₹42.08) = net ₹11414.09, matching bank credit UTR UTR9026STD0001 exactly.","['ERP amount', 'Gateway settlement', 'Bank credit', 'UTR', 'Fee calculation']",Zero Variance (Balanced),,Resolved,2026-09-03T18:53:57.821544+00:00,"{'mdr_rate_pct': 2.0, 'gst_rate_pct': 18.0, 'order_time': '2026-08-20 12:01:00', 'settlement_date': '2026-08-21 11:01:00', 'bank_txn_date': '2026-08-21'}"
REC_T1_pay_std_0002,REC_T1_pay_std_0002,ORD_STD_0002,pay_std_0002,UTR9026STD0002,4785.61,4785.61,95.71,17.23,4672.67,4672.67,0.0,Reconciled,RECONCILED_STANDARD,TIER_1_DETERMINISTIC,Rule-Based,,1.0,"3-Way Match Verified (1:1:1). Standard Razorpay MDR formula applied: 2.00% fee (₹95.71) + 18% GST (₹17.23) = net ₹4672.67, matching bank credit UTR UTR9026STD0002 exactly.","3-Way Match Verified (1:1:1). Standard Razorpay MDR formula applied: 2.00% fee (₹95.71) + 18% GST (₹17.23) = net ₹4672.67, matching bank credit UTR UTR9026STD0002 exactly.","['ERP amount', 'Gateway settlement', 'Bank credit', 'UTR', 'Fee calculation']",Zero Variance (Balanced),,Resolved,2026-09-03T18:53:57.821544+00:00,"{'mdr_rate_pct': 2.0, 'gst_rate_pct': 18.0, 'order_time': '2026-08-20 14:08:00', 'settlement_date': '2026-08-21 13:08:00', 'bank_txn_date': '2026-08-21'}"
REC_T1_pay_std_0003,REC_T1_pay_std_0003,ORD_STD_0003,pay_std_0003,UTR9026STD0003,12342.24,12342.24,246.84,44.43,12050.97,12050.97,0.0,Reconciled,RECONCILED_STANDARD,TIER_1_DETERMINISTIC,Rule-Based,,1.0,"3-Way Match Verified (1:1:1). Standard Razorpay MDR formula applied: 2.00% fee (₹246.84) + 18% GST (₹44.43) = net ₹12050.97, matching bank credit UTR UTR9026STD0003 exactly.","3-Way Match Verified (1:1:1). Standard Razorpay MDR formula applied: 2.00% fee (₹246.84) + 18% GST (₹44.43) = net ₹12050.97, matching bank credit UTR UTR9026STD0003 exactly.","['ERP amount', 'Gateway settlement', 'Bank credit', 'UTR', 'Fee calculation']",Zero Variance (Balanced),,Resolved,2026-09-03T18:53:57.821544+00:00,"{'mdr_rate_pct': 2.0, 'gst_rate_pct': 18.0, 'order_time': '2026-08-20 16:34:00', 'settlement_date': '2026-08-21 05:34:00', 'bank_txn_date': '2026-08-21'}"
REC_T1_pay_std_0004,REC_T1_pay_std_0004,ORD_STD_0004,pay_std_0004,UTR9026STD0004,1056.2,1056.2,21.12,3.8,1031.28,1031.28,0.0,Reconciled,RECONCILED_STANDARD,TIER_1_DETERMINISTIC,Rule-Based,,1.0,"3-Way Match Verified (1:1:1). Standard Razorpay MDR formula applied: 2.00% fee (₹21.12) + 18% GST (₹3.80) = net ₹1031.28, matching bank credit UTR UTR9026STD0004 exactly.","3-Way Match Verified (1:1:1). Standard Razorpay MDR formula applied: 2.00% fee (₹21.12) + 18% GST (₹3.80) = net ₹1031.28, matching bank credit UTR UTR9026STD0004 exactly.","['ERP amount', 'Gateway settlement', 'Bank credit', 'UTR', 'Fee calculation']",Zero Variance (Balanced),,Resolved,2026-09-03T18:53:57.821544+00:00,"{'mdr_rate_pct': 2.0, 'gst_rate_pct': 18.0, 'order_time': '2026-08-20 18:05:00', 'settlement_date': '2026-08-21 09:05:00', 'bank_txn_date': '2026-08-21'}"
REC_T1_pay_std_0005,REC_T1_pay_std_0005,ORD_STD_0005,pay_std_0005,UTR9026STD0005,9343.72,9343.72,186.87,33.64,9123.21,9123.21,0.0,Reconciled,RECONCILED_STANDARD,TIER_1_DETERMINISTIC,Rule-Based,,1.0,"3-Way Match Verified (1:1:1). Standard Razorpay MDR formula applied: 2.00% fee (₹186.87) + 18% GST (₹33.64) = net ₹9123.21, matching bank credit UTR UTR9026STD0005 exactly.","3-Way Match Verified (1:1:1). Standard Razorpay MDR formula applied: 2.00% fee (₹186.87) + 18% GST (₹33.64) = net ₹9123.21, matching bank credit UTR UTR9026STD0005 exactly.","['ERP amount', 'Gateway settlement', 'Bank credit', 'UTR', 'Fee calculation']",Zero Variance (Balanced),,Resolved,2026-09-03T18:53:57.821544+00:00,"{'mdr_rate_pct': 2.0, 'gst_rate_pct': 18.0, 'order_time': '2026-08-20 20:01:00', 'settlement_date': '2026-08-21 16:01:00', 'bank_txn_date': '2026-08-21'}"
REC_T1_pay_std_0006,REC_T1_pay_std_0006,ORD_STD_0006,pay_std_0006,UTR9026STD0006,13030.34,13030.34,260.61,46.91,12722.82,12722.82,0.0,Reconciled,RECONCILED_STANDARD,TIER_1_DETERMINISTIC,Rule-Based,,1.0,"3-Way Match Verified (1:1:1). Standard Razorpay MDR formula applied: 2.00% fee (₹260.61) + 18% GST (₹46.91) = net ₹12722.82, matching bank credit UTR UTR9026STD0006 exactly.","3-Way Match Verified (1:1:1). Standard Razorpay MDR formula applied: 2.00% fee (₹260.61) + 18% GST (₹46.91) = net ₹12722.82, matching bank credit UTR UTR9026STD0006 exactly.","['ERP amount', 'Gateway settlement', 'Bank credit', 'UTR', 'Fee calculation']",Zero Variance (Balanced),,Resolved,2026-09-03T18:53:57.821544+00:00,"{'mdr_rate_pct': 2.0, 'gst_rate_pct': 18.0, 'order_time': '2026-08-20 22:44:00', 'settlement_date': '2026-08-21 18:44:00', 'bank_txn_date': '2026-08-22'}"
REC_T1_pay_std_0007,REC_T1_pay_std_0007,ORD_STD_0007,pay_std_0007,UTR9026STD0007,4357.71,4357.71,87.15,15.69,4254.87,4254.87,0.0,Reconciled,RECONCILED_STANDARD,TIER_1_DETERMINISTIC,Rule-Based,,1.0,"3-Way Match Verified (1:1:1). Standard Razorpay MDR formula applied: 2.00% fee (₹87.15) + 18% GST (₹15.69) = net ₹4254.87, matching bank credit UTR UTR9026STD0007 exactly.","3-Way Match Verified (1:1:1). Standard Razorpay MDR formula applied: 2.00% fee (₹87.15) + 18% GST (₹15.69) = net ₹4254.87, matching bank credit UTR UTR9026STD0007 exactly.","['ERP amount', 'Gateway settlement', 'Bank credit', 'UTR', 'Fee calculation']",Zero Variance (Balanced),,Resolved,2026-09-03T18:53:57.821544+00:00,"{'mdr_rate_pct': 2.0, 'gst_rate_pct': 18.0, 'order_time': '2026-08-21 00:37:00', 'settlement_date': '2026-08-21 16:37:00', 'bank_txn_date': '2026-08-21'}"
REC_T1_pay_std_0008,REC_T1_pay_std_0008,ORD_STD_0008,pay_std_0008,UTR9026STD0008,13779.13,13779.13,275.58,49.6,13453.95,13453.95,0.0,Reconciled,RECONCILED_STANDARD,TIER_1_DETERMINISTIC,Rule-Based,,1.0,"3-Way Match Verified (1:1:1). Standard Razorpay MDR formula applied: 2.00% fee (₹275.58) + 18% GST (₹49.60) = net ₹13453.95, matching bank credit UTR UTR9026STD0008 exactly.","3-Way Match Verified (1:1:1). Standard Razorpay MDR formula applied: 2.00% fee (₹275.58) + 18% GST (₹49.60) = net ₹13453.95, matching bank credit UTR UTR9026STD0008 exactly.","['ERP amount', 'Gateway settlement', 'Bank credit', 'UTR', 'Fee calculation']",Zero Variance (Balanced),,Resolved,2026-09-03T18:53:57.821544+00:00,"{'mdr_rate_pct': 2.0, 'gst_rate_pct': 18.0, 'order_time': '2026-08-21 02:10:00', 'settlement_date': '2026-08-22 01:10:00', 'bank_txn_date': '2026-08-22'}"
REC_T1_pay_std_0009,REC_T1_pay_std_0009,ORD_STD_0009,pay_std_0009,UTR9026STD0009,6454.38,6454.38,129.09,23.24,6302.05,6302.05,0.0,Reconciled,RECONCILED_STANDARD,TIER_1_DETERMINISTIC,Rule-Based,,1.0,"3-Way Match Verified (1:1:1). Standard Razorpay MDR formula applied: 2.00% fee (₹129.09) + 18% GST (₹23.24) = net ₹6302.05, matching bank credit UTR UTR9026STD0009 exactly.","3-Way Match Verified (1:1:1). Standard Razorpay MDR formula applied: 2.00% fee (₹129.09) + 18% GST (₹23.24) = net ₹6302.05, matching bank credit UTR UTR9026STD0009 exactly.","['ERP amount', 'Gateway settlement', 'Bank credit', 'UTR', 'Fee calculation']",Zero Variance (Balanced),,Resolved,2026-09-03T18:53:57.821544+00:00,"{'mdr_rate_pct': 2.0, 'gst_rate_pct': 18.0, 'order_time': '2026-08-21 04:09:00', 'settlement_date': '2026-08-21 19:09:00', 'bank_txn_date': '2026-08-22'}"
REC_T1_pay_std_0010,REC_T1_pay_std_0010,ORD_STD_0010,pay_std_0010,UTR9026STD0010,2288.68,2288.68,45.77,8.24,2234.67,2234.67,0.0,Reconciled,RECONCILED_STANDARD,TIER_1_DETERMINISTIC,Rule-Based,,1.0,"3-Way Match Verified (1:1:1). Standard Razorpay MDR formula applied: 2.00% fee (₹45.77) + 18% GST (₹8.24) = net ₹2234.67, matching bank credit UTR UTR9026STD0010 exactly.","3-Way Match Verified (1:1:1). Standard Razorpay MDR formula applied: 2.00% fee (₹45.77) + 18% GST (₹8.24) = net ₹2234.67, matching bank credit UTR UTR9026STD0010 exactly.","['ERP amount', 'Gateway settlement', 'Bank credit', 'UTR', 'Fee calculation']",Zero Variance (Balanced),,Resolved,2026-09-03T18:53:57.821544+00:00,"{'mdr_rate_pct': 2.0, 'gst_rate_pct': 18.0, 'order_time': '2026-08-21 06:24:00', 'settlement_date': '2026-08-21 19:24:00', 'bank_txn_date': '2026-08-22'}"
REC_T1_pay_std_0011,REC_T1_pay_std_0011,ORD_STD_0011,pay_std_0011,UTR9026STD0011,15331.15,15331.15,306.62,55.19,14969.34,14969.34,0.0,Reconciled,RECONCILED_STANDARD,TIER_1_DETERMINISTIC,Rule-Based,,1.0,"3-Way Match Verified (1:1:1). Standard Razorpay MDR formula applied: 2.00% fee (₹306.62) + 18% GST (₹55.19) = net ₹14969.34, matching bank credit UTR UTR9026STD0011 exactly.","3-Way Match Verified (1:1:1). Standard Razorpay MDR formula applied: 2.00% fee (₹306.62) + 18% GST (₹55.19) = net ₹14969.34, matching bank credit UTR UTR9026STD0011 exactly.","['ERP amount', 'Gateway settlement', 'Bank credit', 'UTR', 'Fee calculation']",Zero Variance (Balanced),,Resolved,2026-09-03T18:53:57.821544+00:00,"{'mdr_rate_pct': 2.0, 'gst_rate_pct': 18.0, 'order_time': '2026-08-21 08:38:00', 'settlement_date': '2026-08-22 00:38:00', 'bank_txn_date': '2026-08-22'}"
REC_T1_pay_std_0012,REC_T1_pay_std_0012,ORD_STD_0012,pay_std_0012,UTR9026STD0012,13270.31,13270.31,265.41,47.77,12957.13,12957.13,0.0,Reconciled,RECONCILED_STANDARD,TIER_1_DETERMINISTIC,Rule-Based,,1.0,"3-Way Match Verified (1:1:1). Standard Razorpay MDR formula applied: 2.00% fee (₹265.41) + 18% GST (₹47.77) = net ₹12957.13, matching bank credit UTR UTR9026STD0012 exactly.","3-Way Match Verified (1:1:1). Standard Razorpay MDR formula applied: 2.00% fee (₹265.41) + 18% GST (₹47.77) = net ₹12957.13, matching bank credit UTR UTR9026STD0012 exactly.","['ERP amount', 'Gateway settlement', 'Bank credit', 'UTR', 'Fee calculation']",Zero Variance (Balanced),,Resolved,2026-09-03T18:53:57.821544+00:00,"{'mdr_rate_pct': 2.0, 'gst_rate_pct': 18.0, 'order_time': '2026-08-21 10:34:00', 'settlement_date': '2026-08-21 23:34:00', 'bank_txn_date': '2026-08-22'}"
REC_T1_pay_std_0013,REC_T1_pay_std_0013,ORD_STD_0013,pay_std_0013,UTR9026STD0013,1879.0,1879.0,37.58,6.76,1834.66,1834.66,0.0,Reconciled,RECONCILED_STANDARD,TIER_1_DETERMINISTIC,Rule-Based,,1.0,"3-Way Match Verified (1:1:1). Standard Razorpay MDR formula applied: 2.00% fee (₹37.58) + 18% GST (₹6.76) = net ₹1834.66, matching bank credit UTR UTR9026STD0013 exactly.","3-Way Match Verified (1:1:1). Standard Razorpay MDR formula applied: 2.00% fee (₹37.58) + 18% GST (₹6.76) = net ₹1834.66, matching bank credit UTR UTR9026STD0013 exactly.","['ERP amount', 'Gateway settlement', 'Bank credit', 'UTR', 'Fee calculation']",Zero Variance (Balanced),,Resolved,2026-09-03T18:53:57.821544+00:00,"{'mdr_rate_pct': 2.0, 'gst_rate_pct': 18.0, 'order_time': '2026-08-21 12:18:00', 'settlement_date': '2026-08-22 10:18:00', 'bank_txn_date': '2026-08-22'}"
REC_T1_pay_std_0014,REC_T1_pay_std_0014,ORD_STD_0014,pay_std_0014,UTR9026STD0014,10603.66,10603.66,212.07,38.17,10353.42,10353.42,0.0,Reconciled,RECONCILED_STANDARD,TIER_1_DETERMINISTIC,Rule-Based,,1.0,"3-Way Match Verified (1:1:1). Standard Razorpay MDR formula applied: 2.00% fee (₹212.07) + 18% GST (₹38.17) = net ₹10353.42, matching bank credit UTR UTR9026STD0014 exactly.","3-Way Match Verified (1:1:1). Standard Razorpay MDR formula applied: 2.00% fee (₹212.07) + 18% GST (₹38.17) = net ₹10353.42, matching bank credit UTR UTR9026STD0014 exactly.","['ERP amount', 'Gateway settlement', 'Bank credit', 'UTR', 'Fee calculation']",Zero Variance (Balanced),,Resolved,2026-09-03T18:53:57.821544+00:00,"{'mdr_rate_pct': 2.0, 'gst_rate_pct': 18.0, 'order_time': '2026-08-21 14:45:00', 'settlement_date': '2026-08-22 03:45:00', 'bank_txn_date': '2026-08-22'}"
REC_T1_pay_std_0015,REC_T1_pay_std_0015,ORD_STD_0015,pay_std_0015,UTR9026STD0015,12072.11,12072.11,241.44,43.46,11787.21,11787.21,0.0,Reconciled,RECONCILED_STANDARD,TIER_1_DETERMINISTIC,Rule-Based,,1.0,"3-Way Match Verified (1:1:1). Standard Razorpay MDR formula applied: 2.00% fee (₹241.44) + 18% GST (₹43.46) = net ₹11787.21, matching bank credit UTR UTR9026STD0015 exactly.","3-Way Match Verified (1:1:1). Standard Razorpay MDR formula applied: 2.00% fee (₹241.44) + 18% GST (₹43.46) = net ₹11787.21, matching bank credit UTR UTR9026STD0015 exactly.","['ERP amount', 'Gateway settlement', 'Bank credit', 'UTR', 'Fee calculation']",Zero Variance (Balanced),,Resolved,2026-09-03T18:53:57.821544+00:00,"{'mdr_rate_pct': 2.0, 'gst_rate_pct': 18.0, 'order_time': '2026-08-21 16:49:00', 'settlement_date': '2026-08-22 08:49:00', 'bank_txn_date': '2026-08-22'}"
REC_T1_pay_std_0016,REC_T1_pay_std_0016,ORD_STD_0016,pay_std_0016,UTR9026STD0016,15468.06,15468.06,309.36,55.68,15103.02,15103.02,0.0,Reconciled,RECONCILED_STANDARD,TIER_1_DETERMINISTIC,Rule-Based,,1.0,"3-Way Match Verified (1:1:1). Standard Razorpay MDR formula applied: 2.00% fee (₹309.36) + 18% GST (₹55.68) = net ₹15103.02, matching bank credit UTR UTR9026STD0016 exactly.","3-Way Match Verified (1:1:1). Standard Razorpay MDR formula applied: 2.00% fee (₹309.36) + 18% GST (₹55.68) = net ₹15103.02, matching bank credit UTR UTR9026STD0016 exactly.","['ERP amount', 'Gateway settlement', 'Bank credit', 'UTR', 'Fee calculation']",Zero Variance (Balanced),,Resolved,2026-09-03T18:53:57.821544+00:00,"{'mdr_rate_pct': 2.0, 'gst_rate_pct': 18.0, 'order_time': '2026-08-21 18:06:00', 'settlement_date': '2026-08-22 12:06:00', 'bank_txn_date': '2026-08-22'}"
REC_T1_pay_std_0017,REC_T1_pay_std_0017,ORD_STD_0017,pay_std_0017,UTR9026STD0017,8434.68,8434.68,168.69,30.36,8235.63,8235.63,0.0,Reconciled,RECONCILED_STANDARD,TIER_1_DETERMINISTIC,Rule-Based,,1.0,"3-Way Match Verified (1:1:1). Standard Razorpay MDR formula applied: 2.00% fee (₹168.69) + 18% GST (₹30.36) = net ₹8235.63, matching bank credit UTR UTR9026STD0017 exactly.","3-Way Match Verified (1:1:1). Standard Razorpay MDR formula applied: 2.00% fee (₹168.69) + 18% GST (₹30.36) = net ₹8235.63, matching bank credit UTR UTR9026STD0017 exactly.","['ERP amount', 'Gateway settlement', 'Bank credit', 'UTR', 'Fee calculation']",Zero Variance (Balanced),,Resolved,2026-09-03T18:53:57.821544+00:00,"{'mdr_rate_pct': 2.0, 'gst_rate_pct': 18.0, 'order_time': '2026-08-21 20:23:00', 'settlement_date': '2026-08-22 10:23:00', 'bank_txn_date': '2026-08-22'}"
REC_T1_pay_std_0018,REC_T1_pay_std_0018,ORD_STD_0018,pay_std_0018,UTR9026STD0018,6717.24,6717.24,134.34,24.18,6558.72,6558.72,0.0,Reconciled,RECONCILED_STANDARD,TIER_1_DETERMINISTIC,Rule-Based,,1.0,"3-Way Match Verified (1:1:1). Standard Razorpay MDR formula applied: 2.00% fee (₹134.34) + 18% GST (₹24.18) = net ₹6558.72, matching bank credit UTR UTR9026STD0018 exactly.","3-Way Match Verified (1:1:1). Standard Razorpay MDR formula applied: 2.00% fee (₹134.34) + 18% GST (₹24.18) = net ₹6558.72, matching bank credit UTR UTR9026STD0018 exactly.","['ERP amount', 'Gateway settlement', 'Bank credit', 'UTR', 'Fee calculation']",Zero Variance (Balanced),,Resolved,2026-09-03T18:53:57.821544+00:00,"{'mdr_rate_pct': 2.0, 'gst_rate_pct': 18.0, 'order_time': '2026-08-21 22:42:00', 'settlement_date': '2026-08-22 14:42:00', 'bank_txn_date': '2026-08-22'}"
REC_T1_pay_std_0019,REC_T1_pay_std_0019,ORD_STD_0019,pay_std_0019,UTR9026STD0019,11159.79,11159.79,223.2,40.18,10896.41,10896.41,0.0,Reconciled,RECONCILED_STANDARD,TIER_1_DETERMINISTIC,Rule-Based,,1.0,"3-Way Match Verified (1:1:1). Standard Razorpay MDR formula applied: 2.00% fee (₹223.20) + 18% GST (₹40.18) = net ₹10896.41, matching bank credit UTR UTR9026STD0019 exactly.","3-Way Match Verified (1:1:1). Standard Razorpay MDR formula applied: 2.00% fee (₹223.20) + 18% GST (₹40.18) = net ₹10896.41, matching bank credit UTR UTR9026STD0019 exactly.","['ERP amount', 'Gateway settlement', 'Bank credit', 'UTR', 'Fee calculation']",Zero Variance (Balanced),,Resolved,2026-09-03T18:53:57.821544+00:00,"{'mdr_rate_pct': 2.0, 'gst_rate_pct': 18.0, 'order_time': '2026-08-22 00:10:00', 'settlement_date': '2026-08-22 20:10:00', 'bank_txn_date': '2026-08-23'}"
REC_T1_pay_std_0020,REC_T1_pay_std_0020,ORD_STD_0020,pay_std_0020,UTR9026STD0020,3359.54,3359.54,67.19,12.09,3280.26,3280.26,0.0,Reconciled,RECONCILED_STANDARD,TIER_1_DETERMINISTIC,Rule-Based,,1.0,"3-Way Match Verified (1:1:1). Standard Razorpay MDR formula applied: 2.00% fee (₹67.19) + 18% GST (₹12.09) = net ₹3280.26, matching bank credit UTR UTR9026STD0020 exactly.","3-Way Match Verified (1:1:1). Standard Razorpay MDR formula applied: 2.00% fee (₹67.19) + 18% GST (₹12.09) = net ₹3280.26, matching bank credit UTR UTR9026STD0020 exactly.","['ERP amount', 'Gateway settlement', 'Bank credit', 'UTR', 'Fee calculation']",Zero Variance (Balanced),,Resolved,2026-09-03T18:53:57.821544+00:00,"{'mdr_rate_pct': 2.0, 'gst_rate_pct': 18.0, 'order_time': '2026-08-22 02:24:00', 'settlement_date': '2026-08-22 18:24:00', 'bank_txn_date': '2026-08-23'}"
REC_T1_pay_std_0021,REC_T1_pay_std_0021,ORD_STD_0021,pay_std_0021,UTR9026STD0021,4343.27,4343.27,86.87,15.64,4240.76,4240.76,0.0,Reconciled,RECONCILED_STANDARD,TIER_1_DETERMINISTIC,Rule-Based,,1.0,"3-Way Match Verified (1:1:1). Standard Razorpay MDR formula applied: 2.00% fee (₹86.87) + 18% GST (₹15.64) = net ₹4240.76, matching bank credit UTR UTR9026STD0021 exactly.","3-Way Match Verified (1:1:1). Standard Razorpay MDR formula applied: 2.00% fee (₹86.87) + 18% GST (₹15.64) = net ₹4240.76, matching bank credit UTR UTR9026STD0021 exactly.","['ERP amount', 'Gateway settlement', 'Bank credit', 'UTR', 'Fee calculation']",Zero Variance (Balanced),,Resolved,2026-09-03T18:53:57.821544+00:00,"{'mdr_rate_pct': 2.0, 'gst_rate_pct': 18.0, 'order_time': '2026-08-22 04:20:00', 'settlement_date': '2026-08-23 04:20:00', 'bank_txn_date': '2026-08-23'}"
REC_T1_pay_std_0022,REC_T1_pay_std_0022,ORD_STD_0022,pay_std_0022,UTR9026STD0022,4508.34,4508.34,90.17,16.23,4401.94,4401.94,0.0,Reconciled,RECONCILED_STANDARD,TIER_1_DETERMINISTIC,Rule-Based,,1.0,"3-Way Match Verified (1:1:1). Standard Razorpay MDR formula applied: 2.00% fee (₹90.17) + 18% GST (₹16.23) = net ₹4401.94, matching bank credit UTR UTR9026STD0022 exactly.","3-Way Match Verified (1:1:1). Standard Razorpay MDR formula applied: 2.00% fee (₹90.17) + 18% GST (₹16.23) = net ₹4401.94, matching bank credit UTR UTR9026STD0022 exactly.","['ERP amount', 'Gateway settlement', 'Bank credit', 'UTR', 'Fee calculation']",Zero Variance (Balanced),,Resolved,2026-09-03T18:53:57.821544+00:00,"{'mdr_rate_pct': 2.0, 'gst_rate_pct': 18.0, 'order_time': '2026-08-22 06:02:00', 'settlement_date': '2026-08-23 06:02:00', 'bank_txn_date': '2026-08-23'}"
REC_T1_pay_std_0023,REC_T1_pay_std_0023,ORD_STD_0023,pay_std_0023,UTR9026STD0023,7520.38,7520.38,150.41,27.07,7342.9,7342.9,0.0,Reconciled,RECONCILED_STANDARD,TIER_1_DETERMINISTIC,Rule-Based,,1.0,"3-Way Match Verified (1:1:1). Standard Razorpay MDR formula applied: 2.00% fee (₹150.41) + 18% GST (₹27.07) = net ₹7342.90, matching bank credit UTR UTR9026STD0023 exactly.","3-Way Match Verified (1:1:1). Standard Razorpay MDR formula applied: 2.00% fee (₹150.41) + 18% GST (₹27.07) = net ₹7342.90, matching bank credit UTR UTR9026STD0023 exactly.","['ERP amount', 'Gateway settlement', 'Bank credit', 'UTR', 'Fee calculation']",Zero Variance (Balanced),,Resolved,2026-09-03T18:53:57.821544+00:00,"{'mdr_rate_pct': 2.0, 'gst_rate_pct': 18.0, 'order_time': '2026-08-22 08:04:00', 'settlement_date': '2026-08-22 23:04:00', 'bank_txn_date': '2026-08-23'}"
REC_T1_pay_std_0024,REC_T1_pay_std_0024,ORD_STD_0024,pay_std_0024,UTR9026STD0024,4220.96,4220.96,84.42,15.2,4121.34,4121.34,0.0,Reconciled,RECONCILED_STANDARD,TIER_1_DETERMINISTIC,Rule-Based,,1.0,"3-Way Match Verified (1:1:1). Standard Razorpay MDR formula applied: 2.00% fee (₹84.42) + 18% GST (₹15.20) = net ₹4121.34, matching bank credit UTR UTR9026STD0024 exactly.","3-Way Match Verified (1:1:1). Standard Razorpay MDR formula applied: 2.00% fee (₹84.42) + 18% GST (₹15.20) = net ₹4121.34, matching bank credit UTR UTR9026STD0024 exactly.","['ERP amount', 'Gateway settlement', 'Bank credit', 'UTR', 'Fee calculation']",Zero Variance (Balanced),,Resolved,2026-09-03T18:53:57.821544+00:00,"{'mdr_rate_pct': 2.0, 'gst_rate_pct': 18.0, 'order_time': '2026-08-22 10:31:00', 'settlement_date': '2026-08-23 04:31:00', 'bank_txn_date': '2026-08-23'}"
REC_T1_pay_std_0025,REC_T1_pay_std_0025,ORD_STD_0025,pay_std_0025,UTR9026STD0025,3000.25,3000.25,60.01,10.8,2929.44,2929.44,0.0,Reconciled,RECONCILED_STANDARD,TIER_1_DETERMINISTIC,Rule-Based,,1.0,"3-Way Match Verified (1:1:1). Standard Razorpay MDR formula applied: 2.00% fee (₹60.01) + 18% GST (₹10.80) = net ₹2929.44, matching bank credit UTR UTR9026STD0025 exactly.","3-Way Match Verified (1:1:1). Standard Razorpay MDR formula applied: 2.00% fee (₹60.01) + 18% GST (₹10.80) = net ₹2929.44, matching bank credit UTR UTR9026STD0025 exactly.","['ERP amount', 'Gateway settlement', 'Bank credit', 'UTR', 'Fee calculation']",Zero Variance (Balanced),,Resolved,2026-09-03T18:53:57.821544+00:00,"{'mdr_rate_pct': 2.0, 'gst_rate_pct': 18.0, 'order_time': '2026-08-22 12:08:00', 'settlement_date': '2026-08-23 03:08:00', 'bank_txn_date': '2026-08-23'}"
REC_T1_pay_std_0026,REC_T1_pay_std_0026,ORD_STD_0026,pay_std_0026,UTR9026STD0026,9932.1,9932.1,198.64,35.76,9697.7,9697.7,0.0,Reconciled,RECONCILED_STANDARD,TIER_1_DETERMINISTIC,Rule-Based,,1.0,"3-Way Match Verified (1:1:1). Standard Razorpay MDR formula applied: 2.00% fee (₹198.64) + 18% GST (₹35.76) = net ₹9697.70, matching bank credit UTR UTR9026STD0026 exactly.","3-Way Match Verified (1:1:1). Standard Razorpay MDR formula applied: 2.00% fee (₹198.64) + 18% GST (₹35.76) = net ₹9697.70, matching bank credit UTR UTR9026STD0026 exactly.","['ERP amount', 'Gateway settlement', 'Bank credit', 'UTR', 'Fee calculation']",Zero Variance (Balanced),,Resolved,2026-09-03T18:53:57.821544+00:00,"{'mdr_rate_pct': 2.0, 'gst_rate_pct': 18.0, 'order_time': '2026-08-22 14:47:00', 'settlement_date': '2026-08-23 11:47:00', 'bank_txn_date': '2026-08-23'}"
REC_T1_pay_std_0027,REC_T1_pay_std_0027,ORD_STD_0027,pay_std_0027,UTR9026STD0027,16211.9,16211.9,324.24,58.36,15829.3,15829.3,0.0,Reconciled,RECONCILED_STANDARD,TIER_1_DETERMINISTIC,Rule-Based,,1.0,"3-Way Match Verified (1:1:1). Standard Razorpay MDR formula applied: 2.00% fee (₹324.24) + 18% GST (₹58.36) = net ₹15829.30, matching bank credit UTR UTR9026STD0027 exactly.","3-Way Match Verified (1:1:1). Standard Razorpay MDR formula applied: 2.00% fee (₹324.24) + 18% GST (₹58.36) = net ₹15829.30, matching bank credit UTR UTR9026STD0027 exactly.","['ERP amount', 'Gateway settlement', 'Bank credit', 'UTR', 'Fee calculation']",Zero Variance (Balanced),,Resolved,2026-09-03T18:53:57.821544+00:00,"{'mdr_rate_pct': 2.0, 'gst_rate_pct': 18.0, 'order_time': '2026-08-22 16:25:00', 'settlement_date': '2026-08-23 09:25:00', 'bank_txn_date': '2026-08-23'}"
REC_T1_pay_std_0028,REC_T1_pay_std_0028,ORD_STD_0028,pay_std_0028,UTR9026STD0028,17953.2,17953.2,359.06,64.63,17529.51,17529.51,0.0,Reconciled,RECONCILED_STANDARD,TIER_1_DETERMINISTIC,Rule-Based,,1.0,"3-Way Match Verified (1:1:1). Standard Razorpay MDR formula applied: 2.00% fee (₹359.06) + 18% GST (₹64.63) = net ₹17529.51, matching bank credit UTR UTR9026STD0028 exactly.","3-Way Match Verified (1:1:1). Standard Razorpay MDR formula applied: 2.00% fee (₹359.06) + 18% GST (₹64.63) = net ₹17529.51, matching bank credit UTR UTR9026STD0028 exactly.","['ERP amount', 'Gateway settlement', 'Bank credit', 'UTR', 'Fee calculation']",Zero Variance (Balanced),,Resolved,2026-09-03T18:53:57.821544+00:00,"{'mdr_rate_pct': 2.0, 'gst_rate_pct': 18.0, 'order_time': '2026-08-22 18:08:00', 'settlement_date': '2026-08-23 14:08:00', 'bank_txn_date': '2026-08-24'}"
REC_T1_pay_std_0029,REC_T1_pay_std_0029,ORD_STD_0029,pay_std_0029,UTR9026STD0029,2090.91,2090.91,41.82,7.53,2041.56,2041.56,0.0,Reconciled,RECONCILED_STANDARD,TIER_1_DETERMINISTIC,Rule-Based,,1.0,"3-Way Match Verified (1:1:1). Standard Razorpay MDR formula applied: 2.00% fee (₹41.82) + 18% GST (₹7.53) = net ₹2041.56, matching bank credit UTR UTR9026STD0029 exactly.","3-Way Match Verified (1:1:1). Standard Razorpay MDR formula applied: 2.00% fee (₹41.82) + 18% GST (₹7.53) = net ₹2041.56, matching bank credit UTR UTR9026STD0029 exactly.","['ERP amount', 'Gateway settlement', 'Bank credit', 'UTR', 'Fee calculation']",Zero Variance (Balanced),,Resolved,2026-09-03T18:53:57.821544+00:00,"{'mdr_rate_pct': 2.0, 'gst_rate_pct': 18.0, 'order_time': '2026-08-22 20:03:00', 'settlement_date': '2026-08-23 09:03:00', 'bank_txn_date': '2026-08-23'}"
REC_T1_pay_std_0030,REC_T1_pay_std_0030,ORD_STD_0030,pay_std_0030,UTR9026STD0030,11480.31,11480.31,229.61,41.33,11209.37,11209.37,0.0,Reconciled,RECONCILED_STANDARD,TIER_1_DETERMINISTIC,Rule-Based,,1.0,"3-Way Match Verified (1:1:1). Standard Razorpay MDR formula applied: 2.00% fee (₹229.61) + 18% GST (₹41.33) = net ₹11209.37, matching bank credit UTR UTR9026STD0030 exactly.","3-Way Match Verified (1:1:1). Standard Razorpay MDR formula applied: 2.00% fee (₹229.61) + 18% GST (₹41.33) = net ₹11209.37, matching bank credit UTR UTR9026STD0030 exactly.","['ERP amount', 'Gateway settlement', 'Bank credit', 'UTR', 'Fee calculation']",Zero Variance (Balanced),,Resolved,2026-09-03T18:53:57.821544+00:00,"{'mdr_rate_pct': 2.0, 'gst_rate_pct': 18.0, 'order_time': '2026-08-22 22:50:00', 'settlement_date': '2026-08-23 20:50:00', 'bank_txn_date': '2026-08-24'}"
REC_T1_pay_std_0031,REC_T1_pay_std_0031,ORD_STD_0031,pay_std_0031,UTR9026STD0031,10937.16,10937.16,218.74,39.37,10679.05,10679.05,0.0,Reconciled,RECONCILED_STANDARD,TIER_1_DETERMINISTIC,Rule-Based,,1.0,"3-Way Match Verified (1:1:1). Standard Razorpay MDR formula applied: 2.00% fee (₹218.74) + 18% GST (₹39.37) = net ₹10679.05, matching bank credit UTR UTR9026STD0031 exactly.","3-Way Match Verified (1:1:1). Standard Razorpay MDR formula applied: 2.00% fee (₹218.74) + 18% GST (₹39.37) = net ₹10679.05, matching bank credit UTR UTR9026STD0031 exactly.","['ERP amount', 'Gateway settlement', 'Bank credit', 'UTR', 'Fee calculation']",Zero Variance (Balanced),,Resolved,2026-09-03T18:53:57.821544+00:00,"{'mdr_rate_pct': 2.0, 'gst_rate_pct': 18.0, 'order_time': '2026-08-23 00:24:00', 'settlement_date': '2026-08-23 18:24:00', 'bank_txn_date': '2026-08-24'}"
REC_T1_pay_std_0032,REC_T1_pay_std_0032,ORD_STD_0032,pay_std_0032,UTR9026STD0032,9759.5,9759.5,195.19,35.13,9529.18,9529.18,0.0,Reconciled,RECONCILED_STANDARD,TIER_1_DETERMINISTIC,Rule-Based,,1.0,"3-Way Match Verified (1:1:1). Standard Razorpay MDR formula applied: 2.00% fee (₹195.19) + 18% GST (₹35.13) = net ₹9529.18, matching bank credit UTR UTR9026STD0032 exactly.","3-Way Match Verified (1:1:1). Standard Razorpay MDR formula applied: 2.00% fee (₹195.19) + 18% GST (₹35.13) = net ₹9529.18, matching bank credit UTR UTR9026STD0032 exactly.","['ERP amount', 'Gateway settlement', 'Bank credit', 'UTR', 'Fee calculation']",Zero Variance (Balanced),,Resolved,2026-09-03T18:53:57.821544+00:00,"{'mdr_rate_pct': 2.0, 'gst_rate_pct': 18.0, 'order_time': '2026-08-23 02:35:00', 'settlement_date': '2026-08-23 14:35:00', 'bank_txn_date': '2026-08-23'}"
REC_T1_pay_std_0033,REC_T1_pay_std_0033,ORD_STD_0033,pay_std_0033,UTR9026STD0033,12429.93,12429.93,248.6,44.75,12136.58,12136.58,0.0,Reconciled,RECONCILED_STANDARD,TIER_1_DETERMINISTIC,Rule-Based,,1.0,"3-Way Match Verified (1:1:1). Standard Razorpay MDR formula applied: 2.00% fee (₹248.60) + 18% GST (₹44.75) = net ₹12136.58, matching bank credit UTR UTR9026STD0033 exactly.","3-Way Match Verified (1:1:1). Standard Razorpay MDR formula applied: 2.00% fee (₹248.60) + 18% GST (₹44.75) = net ₹12136.58, matching bank credit UTR UTR9026STD0033 exactly.","['ERP amount', 'Gateway settlement', 'Bank credit', 'UTR', 'Fee calculation']",Zero Variance (Balanced),,Resolved,2026-09-03T18:53:57.821544+00:00,"{'mdr_rate_pct': 2.0, 'gst_rate_pct': 18.0, 'order_time': '2026-08-23 04:34:00', 'settlement_date': '2026-08-24 04:34:00', 'bank_txn_date': '2026-08-24'}"
REC_T1_pay_std_0034,REC_T1_pay_std_0034,ORD_STD_0034,pay_std_0034,UTR9026STD0034,13950.48,13950.48,279.01,50.22,13621.25,13621.25,0.0,Reconciled,RECONCILED_STANDARD,TIER_1_DETERMINISTIC,Rule-Based,,1.0,"3-Way Match Verified (1:1:1). Standard Razorpay MDR formula applied: 2.00% fee (₹279.01) + 18% GST (₹50.22) = net ₹13621.25, matching bank credit UTR UTR9026STD0034 exactly.","3-Way Match Verified (1:1:1). Standard Razorpay MDR formula applied: 2.00% fee (₹279.01) + 18% GST (₹50.22) = net ₹13621.25, matching bank credit UTR UTR9026STD0034 exactly.","['ERP amount', 'Gateway settlement', 'Bank credit', 'UTR', 'Fee calculation']",Zero Variance (Balanced),,Resolved,2026-09-03T18:53:57.821544+00:00,"{'mdr_rate_pct': 2.0, 'gst_rate_pct': 18.0, 'order_time': '2026-08-23 06:21:00', 'settlement_date': '2026-08-23 19:21:00', 'bank_txn_date': '2026-08-24'}"
REC_T1_pay_std_0035,REC_T1_pay_std_0035,ORD_STD_0035,pay_std_0035,UTR9026STD0035,8108.39,8108.39,162.17,29.19,7917.03,7917.03,0.0,Reconciled,RECONCILED_STANDARD,TIER_1_DETERMINISTIC,Rule-Based,,1.0,"3-Way Match Verified (1:1:1). Standard Razorpay MDR formula applied: 2.00% fee (₹162.17) + 18% GST (₹29.19) = net ₹7917.03, matching bank credit UTR UTR9026STD0035 exactly.","3-Way Match Verified (1:1:1). Standard Razorpay MDR formula applied: 2.00% fee (₹162.17) + 18% GST (₹29.19) = net ₹7917.03, matching bank credit UTR UTR9026STD0035 exactly.","['ERP amount', 'Gateway settlement', 'Bank credit', 'UTR', 'Fee calculation']",Zero Variance (Balanced),,Resolved,2026-09-03T18:53:57.821544+00:00,"{'mdr_rate_pct': 2.0, 'gst_rate_pct': 18.0, 'order_time': '2026-08-23 08:29:00', 'settlement_date': '2026-08-23 20:29:00', 'bank_txn_date': '2026-08-24'}"
REC_T1_pay_std_0036,REC_T1_pay_std_0036,ORD_STD_0036,pay_std_0036,UTR9026STD0036,17508.04,17508.04,350.16,63.03,17094.85,17094.85,0.0,Reconciled,RECONCILED_STANDARD,TIER_1_DETERMINISTIC,Rule-Based,,1.0,"3-Way Match Verified (1:1:1). Standard Razorpay MDR formula applied: 2.00% fee (₹350.16) + 18% GST (₹63.03) = net ₹17094.85, matching bank credit UTR UTR9026STD0036 exactly.","3-Way Match Verified (1:1:1). Standard Razorpay MDR formula applied: 2.00% fee (₹350.16) + 18% GST (₹63.03) = net ₹17094.85, matching bank credit UTR UTR9026STD0036 exactly.","['ERP amount', 'Gateway settlement', 'Bank credit', 'UTR', 'Fee calculation']",Zero Variance (Balanced),,Resolved,2026-09-03T18:53:57.821544+00:00,"{'mdr_rate_pct': 2.0, 'gst_rate_pct': 18.0, 'order_time': '2026-08-23 10:48:00', 'settlement_date': '2026-08-24 00:48:00', 'bank_txn_date': '2026-08-24'}"
REC_T1_pay_std_0037,REC_T1_pay_std_0037,ORD_STD_0037,pay_std_0037,UTR9026STD0037,16470.99,16470.99,329.42,59.3,16082.27,16082.27,0.0,Reconciled,RECONCILED_STANDARD,TIER_1_DETERMINISTIC,Rule-Based,,1.0,"3-Way Match Verified (1:1:1). Standard Razorpay MDR formula applied: 2.00% fee (₹329.42) + 18% GST (₹59.30) = net ₹16082.27, matching bank credit UTR UTR9026STD0037 exactly.","3-Way Match Verified (1:1:1). Standard Razorpay MDR formula applied: 2.00% fee (₹329.42) + 18% GST (₹59.30) = net ₹16082.27, matching bank credit UTR UTR9026STD0037 exactly.","['ERP amount', 'Gateway settlement', 'Bank credit', 'UTR', 'Fee calculation']",Zero Variance (Balanced),,Resolved,2026-09-03T18:53:57.821544+00:00,"{'mdr_rate_pct': 2.0, 'gst_rate_pct': 18.0, 'order_time': '2026-08-23 12:40:00', 'settlement_date': '2026-08-24 04:40:00', 'bank_txn_date': '2026-08-24'}"
REC_T1_pay_std_0038,REC_T1_pay_std_0038,ORD_STD_0038,pay_std_0038,UTR9026STD0038,11156.98,11156.98,223.14,40.17,10893.67,10893.67,0.0,Reconciled,RECONCILED_STANDARD,TIER_1_DETERMINISTIC,Rule-Based,,1.0,"3-Way Match Verified (1:1:1). Standard Razorpay MDR formula applied: 2.00% fee (₹223.14) + 18% GST (₹40.17) = net ₹10893.67, matching bank credit UTR UTR9026STD0038 exactly.","3-Way Match Verified (1:1:1). Standard Razorpay MDR formula applied: 2.00% fee (₹223.14) + 18% GST (₹40.17) = net ₹10893.67, matching bank credit UTR UTR9026STD0038 exactly.","['ERP amount', 'Gateway settlement', 'Bank credit', 'UTR', 'Fee calculation']",Zero Variance (Balanced),,Resolved,2026-09-03T18:53:57.821544+00:00,"{'mdr_rate_pct': 2.0, 'gst_rate_pct': 18.0, 'order_time': '2026-08-23 14:09:00', 'settlement_date': '2026-08-24 07:09:00', 'bank_txn_date': '2026-08-24'}"
REC_T1_pay_std_0039,REC_T1_pay_std_0039,ORD_STD_0039,pay_std_0039,UTR9026STD0039,9939.13,9939.13,198.78,35.78,9704.57,9704.57,0.0,Reconciled,RECONCILED_STANDARD,TIER_1_DETERMINISTIC,Rule-Based,,1.0,"3-Way Match Verified (1:1:1). Standard Razorpay MDR formula applied: 2.00% fee (₹198.78) + 18% GST (₹35.78) = net ₹9704.57, matching bank credit UTR UTR9026STD0039 exactly.","3-Way Match Verified (1:1:1). Standard Razorpay MDR formula applied: 2.00% fee (₹198.78) + 18% GST (₹35.78) = net ₹9704.57, matching bank credit UTR UTR9026STD0039 exactly.","['ERP amount', 'Gateway settlement', 'Bank credit', 'UTR', 'Fee calculation']",Zero Variance (Balanced),,Resolved,2026-09-03T18:53:57.821544+00:00,"{'mdr_rate_pct': 2.0, 'gst_rate_pct': 18.0, 'order_time': '2026-08-23 16:49:00', 'settlement_date': '2026-08-24 12:49:00', 'bank_txn_date': '2026-08-24'}"
REC_T1_pay_std_0040,REC_T1_pay_std_0040,ORD_STD_0040,pay_std_0040,UTR9026STD0040,10981.53,10981.53,219.63,39.53,10722.37,10722.37,0.0,Reconciled,RECONCILED_STANDARD,TIER_1_DETERMINISTIC,Rule-Based,,1.0,"3-Way Match Verified (1:1:1). Standard Razorpay MDR formula applied: 2.00% fee (₹219.63) + 18% GST (₹39.53) = net ₹10722.37, matching bank credit UTR UTR9026STD0040 exactly.","3-Way Match Verified (1:1:1). Standard Razorpay MDR formula applied: 2.00% fee (₹219.63) + 18% GST (₹39.53) = net ₹10722.37, matching bank credit UTR UTR9026STD0040 exactly.","['ERP amount', 'Gateway settlement', 'Bank credit', 'UTR', 'Fee calculation']",Zero Variance (Balanced),,Resolved,2026-09-03T18:53:57.821544+00:00,"{'mdr_rate_pct': 2.0, 'gst_rate_pct': 18.0, 'order_time': '2026-08-23 18:31:00', 'settlement_date': '2026-08-24 06:31:00', 'bank_txn_date': '2026-08-24'}"
REC_T1_pay_std_0041,REC_T1_pay_std_0041,ORD_STD_0041,pay_std_0041,UTR9026STD0041,16759.23,16759.23,335.18,60.33,16363.72,16363.72,0.0,Reconciled,RECONCILED_STANDARD,TIER_1_DETERMINISTIC,Rule-Based,,1.0,"3-Way Match Verified (1:1:1). Standard Razorpay MDR formula applied: 2.00% fee (₹335.18) + 18% GST (₹60.33) = net ₹16363.72, matching bank credit UTR UTR9026STD0041 exactly.","3-Way Match Verified (1:1:1). Standard Razorpay MDR formula applied: 2.00% fee (₹335.18) + 18% GST (₹60.33) = net ₹16363.72, matching bank credit UTR UTR9026STD0041 exactly.","['ERP amount', 'Gateway settlement', 'Bank credit', 'UTR', 'Fee calculation']",Zero Variance (Balanced),,Resolved,2026-09-03T18:53:57.821544+00:00,"{'mdr_rate_pct': 2.0, 'gst_rate_pct': 18.0, 'order_time': '2026-08-23 20:19:00', 'settlement_date': '2026-08-24 11:19:00', 'bank_txn_date': '2026-08-24'}"
REC_T1_pay_std_0042,REC_T1_pay_std_0042,ORD_STD_0042,pay_std_0042,UTR9026STD0042,4715.25,4715.25,94.31,16.98,4603.96,4603.96,0.0,Reconciled,RECONCILED_STANDARD,TIER_1_DETERMINISTIC,Rule-Based,,1.0,"3-Way Match Verified (1:1:1). Standard Razorpay MDR formula applied: 2.00% fee (₹94.31) + 18% GST (₹16.98) = net ₹4603.96, matching bank credit UTR UTR9026STD0042 exactly.","3-Way Match Verified (1:1:1). Standard Razorpay MDR formula applied: 2.00% fee (₹94.31) + 18% GST (₹16.98) = net ₹4603.96, matching bank credit UTR UTR9026STD0042 exactly.","['ERP amount', 'Gateway settlement', 'Bank credit', 'UTR', 'Fee calculation']",Zero Variance (Balanced),,Resolved,2026-09-03T18:53:57.821544+00:00,"{'mdr_rate_pct': 2.0, 'gst_rate_pct': 18.0, 'order_time': '2026-08-23 22:36:00', 'settlement_date': '2026-08-24 11:36:00', 'bank_txn_date': '2026-08-24'}"
REC_T1_pay_std_0043,REC_T1_pay_std_0043,ORD_STD_0043,pay_std_0043,UTR9026STD0043,13308.38,13308.38,266.17,47.91,12994.3,12994.3,0.0,Reconciled,RECONCILED_STANDARD,TIER_1_DETERMINISTIC,Rule-Based,,1.0,"3-Way Match Verified (1:1:1). Standard Razorpay MDR formula applied: 2.00% fee (₹266.17) + 18% GST (₹47.91) = net ₹12994.30, matching bank credit UTR UTR9026STD0043 exactly.","3-Way Match Verified (1:1:1). Standard Razorpay MDR formula applied: 2.00% fee (₹266.17) + 18% GST (₹47.91) = net ₹12994.30, matching bank credit UTR UTR9026STD0043 exactly.","['ERP amount', 'Gateway settlement', 'Bank credit', 'UTR', 'Fee calculation']",Zero Variance (Balanced),,Resolved,2026-09-03T18:53:57.821544+00:00,"{'mdr_rate_pct': 2.0, 'gst_rate_pct': 18.0, 'order_time': '2026-08-24 00:04:00', 'settlement_date': '2026-08-25 00:04:00', 'bank_txn_date': '2026-08-25'}"
REC_T1_pay_std_0044,REC_T1_pay_std_0044,ORD_STD_0044,pay_std_0044,UTR9026STD0044,13902.1,13902.1,278.04,50.05,13574.01,13574.01,0.0,Reconciled,RECONCILED_STANDARD,TIER_1_DETERMINISTIC,Rule-Based,,1.0,"3-Way Match Verified (1:1:1). Standard Razorpay MDR formula applied: 2.00% fee (₹278.04) + 18% GST (₹50.05) = net ₹13574.01, matching bank credit UTR UTR9026STD0044 exactly.","3-Way Match Verified (1:1:1). Standard Razorpay MDR formula applied: 2.00% fee (₹278.04) + 18% GST (₹50.05) = net ₹13574.01, matching bank credit UTR UTR9026STD0044 exactly.","['ERP amount', 'Gateway settlement', 'Bank credit', 'UTR', 'Fee calculation']",Zero Variance (Balanced),,Resolved,2026-09-03T18:53:57.821544+00:00,"{'mdr_rate_pct': 2.0, 'gst_rate_pct': 18.0, 'order_time': '2026-08-24 02:08:00', 'settlement_date': '2026-08-25 00:08:00', 'bank_txn_date': '2026-08-25'}"
REC_T1_pay_std_0045,REC_T1_pay_std_0045,ORD_STD_0045,pay_std_0045,UTR9026STD0045,17069.85,17069.85,341.4,61.45,16667.0,16667.0,0.0,Reconciled,RECONCILED_STANDARD,TIER_1_DETERMINISTIC,Rule-Based,,1.0,"3-Way Match Verified (1:1:1). Standard Razorpay MDR formula applied: 2.00% fee (₹341.40) + 18% GST (₹61.45) = net ₹16667.00, matching bank credit UTR UTR9026STD0045 exactly.","3-Way Match Verified (1:1:1). Standard Razorpay MDR formula applied: 2.00% fee (₹341.40) + 18% GST (₹61.45) = net ₹16667.00, matching bank credit UTR UTR9026STD0045 exactly.","['ERP amount', 'Gateway settlement', 'Bank credit', 'UTR', 'Fee calculation']",Zero Variance (Balanced),,Resolved,2026-09-03T18:53:57.821544+00:00,"{'mdr_rate_pct': 2.0, 'gst_rate_pct': 18.0, 'order_time': '2026-08-24 04:10:00', 'settlement_date': '2026-08-24 20:10:00', 'bank_txn_date': '2026-08-25'}"
REC_T1_pay_std_0046,REC_T1_pay_std_0046,ORD_STD_0046,pay_std_0046,UTR9026STD0046,15767.58,15767.58,315.35,56.76,15395.47,15395.47,0.0,Reconciled,RECONCILED_STANDARD,TIER_1_DETERMINISTIC,Rule-Based,,1.0,"3-Way Match Verified (1:1:1). Standard Razorpay MDR formula applied: 2.00% fee (₹315.35) + 18% GST (₹56.76) = net ₹15395.47, matching bank credit UTR UTR9026STD0046 exactly.","3-Way Match Verified (1:1:1). Standard Razorpay MDR formula applied: 2.00% fee (₹315.35) + 18% GST (₹56.76) = net ₹15395.47, matching bank credit UTR UTR9026STD0046 exactly.","['ERP amount', 'Gateway settlement', 'Bank credit', 'UTR', 'Fee calculation']",Zero Variance (Balanced),,Resolved,2026-09-03T18:53:57.821544+00:00,"{'mdr_rate_pct': 2.0, 'gst_rate_pct': 18.0, 'order_time': '2026-08-24 06:27:00', 'settlement_date': '2026-08-24 21:27:00', 'bank_txn_date': '2026-08-25'}"
REC_T1_pay_std_0047,REC_T1_pay_std_0047,ORD_STD_0047,pay_std_0047,UTR9026STD0047,13717.14,13717.14,274.34,49.38,13393.42,13393.42,0.0,Reconciled,RECONCILED_STANDARD,TIER_1_DETERMINISTIC,Rule-Based,,1.0,"3-Way Match Verified (1:1:1). Standard Razorpay MDR formula applied: 2.00% fee (₹274.34) + 18% GST (₹49.38) = net ₹13393.42, matching bank credit UTR UTR9026STD0047 exactly.","3-Way Match Verified (1:1:1). Standard Razorpay MDR formula applied: 2.00% fee (₹274.34) + 18% GST (₹49.38) = net ₹13393.42, matching bank credit UTR UTR9026STD0047 exactly.","['ERP amount', 'Gateway settlement', 'Bank credit', 'UTR', 'Fee calculation']",Zero Variance (Balanced),,Resolved,2026-09-03T18:53:57.821544+00:00,"{'mdr_rate_pct': 2.0, 'gst_rate_pct': 18.0, 'order_time': '2026-08-24 08:44:00', 'settlement_date': '2026-08-24 23:44:00', 'bank_txn_date': '2026-08-25'}"
REC_T1_pay_std_0048,REC_T1_pay_std_0048,ORD_STD_0048,pay_std_0048,UTR9026STD0048,7482.37,7482.37,149.65,26.94,7305.78,7305.78,0.0,Reconciled,RECONCILED_STANDARD,TIER_1_DETERMINISTIC,Rule-Based,,1.0,"3-Way Match Verified (1:1:1). Standard Razorpay MDR formula applied: 2.00% fee (₹149.65) + 18% GST (₹26.94) = net ₹7305.78, matching bank credit UTR UTR9026STD0048 exactly.","3-Way Match Verified (1:1:1). Standard Razorpay MDR formula applied: 2.00% fee (₹149.65) + 18% GST (₹26.94) = net ₹7305.78, matching bank credit UTR UTR9026STD0048 exactly.","['ERP amount', 'Gateway settlement', 'Bank credit', 'UTR', 'Fee calculation']",Zero Variance (Balanced),,Resolved,2026-09-03T18:53:57.821544+00:00,"{'mdr_rate_pct': 2.0, 'gst_rate_pct': 18.0, 'order_time': '2026-08-24 10:42:00', 'settlement_date': '2026-08-25 08:42:00', 'bank_txn_date': '2026-08-25'}"
REC_T1_pay_std_0049,REC_T1_pay_std_0049,ORD_STD_0049,pay_std_0049,UTR9026STD0049,8166.75,8166.75,163.34,29.4,7974.01,7974.01,0.0,Reconciled,RECONCILED_STANDARD,TIER_1_DETERMINISTIC,Rule-Based,,1.0,"3-Way Match Verified (1:1:1). Standard Razorpay MDR formula applied: 2.00% fee (₹163.34) + 18% GST (₹29.40) = net ₹7974.01, matching bank credit UTR UTR9026STD0049 exactly.","3-Way Match Verified (1:1:1). Standard Razorpay MDR formula applied: 2.00% fee (₹163.34) + 18% GST (₹29.40) = net ₹7974.01, matching bank credit UTR UTR9026STD0049 exactly.","['ERP amount', 'Gateway settlement', 'Bank credit', 'UTR', 'Fee calculation']",Zero Variance (Balanced),,Resolved,2026-09-03T18:53:57.821544+00:00,"{'mdr_rate_pct': 2.0, 'gst_rate_pct': 18.0, 'order_time': '2026-08-24 12:33:00', 'settlement_date': '2026-08-25 07:33:00', 'bank_txn_date': '2026-08-25'}"
REC_T1_pay_std_0050,REC_T1_pay_std_0050,ORD_STD_0050,pay_std_0050,UTR9026STD0050,4838.35,4838.35,96.77,17.42,4724.16,4724.16,0.0,Reconciled,RECONCILED_STANDARD,TIER_1_DETERMINISTIC,Rule-Based,,1.0,"3-Way Match Verified (1:1:1). Standard Razorpay MDR formula applied: 2.00% fee (₹96.77) + 18% GST (₹17.42) = net ₹4724.16, matching bank credit UTR UTR9026STD0050 exactly.","3-Way Match Verified (1:1:1). Standard Razorpay MDR formula applied: 2.00% fee (₹96.77) + 18% GST (₹17.42) = net ₹4724.16, matching bank credit UTR UTR9026STD0050 exactly.","['ERP amount', 'Gateway settlement', 'Bank credit', 'UTR', 'Fee calculation']",Zero Variance (Balanced),,Resolved,2026-09-03T18:53:57.821544+00:00,"{'mdr_rate_pct': 2.0, 'gst_rate_pct': 18.0, 'order_time': '2026-08-24 14:04:00', 'settlement_date': '2026-08-25 07:04:00', 'bank_txn_date': '2026-08-25'}"
REC_T1_pay_std_0051,REC_T1_pay_std_0051,ORD_STD_0051,pay_std_0051,UTR9026STD0051,10795.4,10795.4,215.91,38.86,10540.63,10540.63,0.0,Reconciled,RECONCILED_STANDARD,TIER_1_DETERMINISTIC,Rule-Based,,1.0,"3-Way Match Verified (1:1:1). Standard Razorpay MDR formula applied: 2.00% fee (₹215.91) + 18% GST (₹38.86) = net ₹10540.63, matching bank credit UTR UTR9026STD0051 exactly.","3-Way Match Verified (1:1:1). Standard Razorpay MDR formula applied: 2.00% fee (₹215.91) + 18% GST (₹38.86) = net ₹10540.63, matching bank credit UTR UTR9026STD0051 exactly.","['ERP amount', 'Gateway settlement', 'Bank credit', 'UTR', 'Fee calculation']",Zero Variance (Balanced),,Resolved,2026-09-03T18:53:57.821544+00:00,"{'mdr_rate_pct': 2.0, 'gst_rate_pct': 18.0, 'order_time': '2026-08-24 16:14:00', 'settlement_date': '2026-08-25 13:14:00', 'bank_txn_date': '2026-08-25'}"
REC_T1_pay_std_0052,REC_T1_pay_std_0052,ORD_STD_0052,pay_std_0052,UTR9026STD0052,625.84,625.84,12.52,2.25,611.07,611.07,0.0,Reconciled,RECONCILED_STANDARD,TIER_1_DETERMINISTIC,Rule-Based,,1.0,"3-Way Match Verified (1:1:1). Standard Razorpay MDR formula applied: 2.00% fee (₹12.52) + 18% GST (₹2.25) = net ₹611.07, matching bank credit UTR UTR9026STD0052 exactly.","3-Way Match Verified (1:1:1). Standard Razorpay MDR formula applied: 2.00% fee (₹12.52) + 18% GST (₹2.25) = net ₹611.07, matching bank credit UTR UTR9026STD0052 exactly.","['ERP amount', 'Gateway settlement', 'Bank credit', 'UTR', 'Fee calculation']",Zero Variance (Balanced),,Resolved,2026-09-03T18:53:57.821544+00:00,"{'mdr_rate_pct': 2.0, 'gst_rate_pct': 18.0, 'order_time': '2026-08-24 18:45:00', 'settlement_date': '2026-08-25 16:45:00', 'bank_txn_date': '2026-08-25'}"
REC_T1_pay_std_0053,REC_T1_pay_std_0053,ORD_STD_0053,pay_std_0053,UTR9026STD0053,4506.48,4506.48,90.13,16.22,4400.13,4400.13,0.0,Reconciled,RECONCILED_STANDARD,TIER_1_DETERMINISTIC,Rule-Based,,1.0,"3-Way Match Verified (1:1:1). Standard Razorpay MDR formula applied: 2.00% fee (₹90.13) + 18% GST (₹16.22) = net ₹4400.13, matching bank credit UTR UTR9026STD0053 exactly.","3-Way Match Verified (1:1:1). Standard Razorpay MDR formula applied: 2.00% fee (₹90.13) + 18% GST (₹16.22) = net ₹4400.13, matching bank credit UTR UTR9026STD0053 exactly.","['ERP amount', 'Gateway settlement', 'Bank credit', 'UTR', 'Fee calculation']",Zero Variance (Balanced),,Resolved,2026-09-03T18:53:57.821544+00:00,"{'mdr_rate_pct': 2.0, 'gst_rate_pct': 18.0, 'order_time': '2026-08-24 20:02:00', 'settlement_date': '2026-08-25 13:02:00', 'bank_txn_date': '2026-08-25'}"
REC_T1_pay_std_0054,REC_T1_pay_std_0054,ORD_STD_0054,pay_std_0054,UTR9026STD0054,9497.73,9497.73,189.95,34.19,9273.59,9273.59,0.0,Reconciled,RECONCILED_STANDARD,TIER_1_DETERMINISTIC,Rule-Based,,1.0,"3-Way Match Verified (1:1:1). Standard Razorpay MDR formula applied: 2.00% fee (₹189.95) + 18% GST (₹34.19) = net ₹9273.59, matching bank credit UTR UTR9026STD0054 exactly.","3-Way Match Verified (1:1:1). Standard Razorpay MDR formula applied: 2.00% fee (₹189.95) + 18% GST (₹34.19) = net ₹9273.59, matching bank credit UTR UTR9026STD0054 exactly.","['ERP amount', 'Gateway settlement', 'Bank credit', 'UTR', 'Fee calculation']",Zero Variance (Balanced),,Resolved,2026-09-03T18:53:57.821544+00:00,"{'mdr_rate_pct': 2.0, 'gst_rate_pct': 18.0, 'order_time': '2026-08-24 22:17:00', 'settlement_date': '2026-08-25 20:17:00', 'bank_txn_date': '2026-08-26'}"
REC_T1_pay_std_0055,REC_T1_pay_std_0055,ORD_STD_0055,pay_std_0055,UTR9026STD0055,4249.14,4249.14,84.98,15.3,4148.86,4148.86,0.0,Reconciled,RECONCILED_STANDARD,TIER_1_DETERMINISTIC,Rule-Based,,1.0,"3-Way Match Verified (1:1:1). Standard Razorpay MDR formula applied: 2.00% fee (₹84.98) + 18% GST (₹15.30) = net ₹4148.86, matching bank credit UTR UTR9026STD0055 exactly.","3-Way Match Verified (1:1:1). Standard Razorpay MDR formula applied: 2.00% fee (₹84.98) + 18% GST (₹15.30) = net ₹4148.86, matching bank credit UTR UTR9026STD0055 exactly.","['ERP amount', 'Gateway settlement', 'Bank credit', 'UTR', 'Fee calculation']",Zero Variance (Balanced),,Resolved,2026-09-03T18:53:57.821544+00:00,"{'mdr_rate_pct': 2.0, 'gst_rate_pct': 18.0, 'order_time': '2026-08-25 00:08:00', 'settlement_date': '2026-08-25 23:08:00', 'bank_txn_date': '2026-08-26'}"
REC_T1_pay_std_0056,REC_T1_pay_std_0056,ORD_STD_0056,pay_std_0056,UTR9026STD0056,4752.45,4752.45,95.05,17.11,4640.29,4640.29,0.0,Reconciled,RECONCILED_STANDARD,TIER_1_DETERMINISTIC,Rule-Based,,1.0,"3-Way Match Verified (1:1:1). Standard Razorpay MDR formula applied: 2.00% fee (₹95.05) + 18% GST (₹17.11) = net ₹4640.29, matching bank credit UTR UTR9026STD0056 exactly.","3-Way Match Verified (1:1:1). Standard Razorpay MDR formula applied: 2.00% fee (₹95.05) + 18% GST (₹17.11) = net ₹4640.29, matching bank credit UTR UTR9026STD0056 exactly.","['ERP amount', 'Gateway settlement', 'Bank credit', 'UTR', 'Fee calculation']",Zero Variance (Balanced),,Resolved,2026-09-03T18:53:57.821544+00:00,"{'mdr_rate_pct': 2.0, 'gst_rate_pct': 18.0, 'order_time': '2026-08-25 02:30:00', 'settlement_date': '2026-08-26 02:30:00', 'bank_txn_date': '2026-08-26'}"
REC_T1_pay_std_0057,REC_T1_pay_std_0057,ORD_STD_0057,pay_std_0057,UTR9026STD0057,3832.17,3832.17,76.64,13.8,3741.73,3741.73,0.0,Reconciled,RECONCILED_STANDARD,TIER_1_DETERMINISTIC,Rule-Based,,1.0,"3-Way Match Verified (1:1:1). Standard Razorpay MDR formula applied: 2.00% fee (₹76.64) + 18% GST (₹13.80) = net ₹3741.73, matching bank credit UTR UTR9026STD0057 exactly.","3-Way Match Verified (1:1:1). Standard Razorpay MDR formula applied: 2.00% fee (₹76.64) + 18% GST (₹13.80) = net ₹3741.73, matching bank credit UTR UTR9026STD0057 exactly.","['ERP amount', 'Gateway settlement', 'Bank credit', 'UTR', 'Fee calculation']",Zero Variance (Balanced),,Resolved,2026-09-03T18:53:57.821544+00:00,"{'mdr_rate_pct': 2.0, 'gst_rate_pct': 18.0, 'order_time': '2026-08-25 04:06:00', 'settlement_date': '2026-08-26 02:06:00', 'bank_txn_date': '2026-08-26'}"
REC_T1_pay_std_0058,REC_T1_pay_std_0058,ORD_STD_0058,pay_std_0058,UTR9026STD0058,6700.21,6700.21,134.0,24.12,6542.09,6542.09,0.0,Reconciled,RECONCILED_STANDARD,TIER_1_DETERMINISTIC,Rule-Based,,1.0,"3-Way Match Verified (1:1:1). Standard Razorpay MDR formula applied: 2.00% fee (₹134.00) + 18% GST (₹24.12) = net ₹6542.09, matching bank credit UTR UTR9026STD0058 exactly.","3-Way Match Verified (1:1:1). Standard Razorpay MDR formula applied: 2.00% fee (₹134.00) + 18% GST (₹24.12) = net ₹6542.09, matching bank credit UTR UTR9026STD0058 exactly.","['ERP amount', 'Gateway settlement', 'Bank credit', 'UTR', 'Fee calculation']",Zero Variance (Balanced),,Resolved,2026-09-03T18:53:57.821544+00:00,"{'mdr_rate_pct': 2.0, 'gst_rate_pct': 18.0, 'order_time': '2026-08-25 06:26:00', 'settlement_date': '2026-08-26 01:26:00', 'bank_txn_date': '2026-08-26'}"
REC_T1_pay_std_0059,REC_T1_pay_std_0059,ORD_STD_0059,pay_std_0059,UTR9026STD0059,12283.88,12283.88,245.68,44.22,11993.98,11993.98,0.0,Reconciled,RECONCILED_STANDARD,TIER_1_DETERMINISTIC,Rule-Based,,1.0,"3-Way Match Verified (1:1:1). Standard Razorpay MDR formula applied: 2.00% fee (₹245.68) + 18% GST (₹44.22) = net ₹11993.98, matching bank credit UTR UTR9026STD0059 exactly.","3-Way Match Verified (1:1:1). Standard Razorpay MDR formula applied: 2.00% fee (₹245.68) + 18% GST (₹44.22) = net ₹11993.98, matching bank credit UTR UTR9026STD0059 exactly.","['ERP amount', 'Gateway settlement', 'Bank credit', 'UTR', 'Fee calculation']",Zero Variance (Balanced),,Resolved,2026-09-03T18:53:57.821544+00:00,"{'mdr_rate_pct': 2.0, 'gst_rate_pct': 18.0, 'order_time': '2026-08-25 08:41:00', 'settlement_date': '2026-08-25 21:41:00', 'bank_txn_date': '2026-08-26'}"
REC_T1_pay_std_0060,REC_T1_pay_std_0060,ORD_STD_0060,pay_std_0060,UTR9026STD0060,7545.87,7545.87,150.92,27.17,7367.78,7367.78,0.0,Reconciled,RECONCILED_STANDARD,TIER_1_DETERMINISTIC,Rule-Based,,1.0,"3-Way Match Verified (1:1:1). Standard Razorpay MDR formula applied: 2.00% fee (₹150.92) + 18% GST (₹27.17) = net ₹7367.78, matching bank credit UTR UTR9026STD0060 exactly.","3-Way Match Verified (1:1:1). Standard Razorpay MDR formula applied: 2.00% fee (₹150.92) + 18% GST (₹27.17) = net ₹7367.78, matching bank credit UTR UTR9026STD0060 exactly.","['ERP amount', 'Gateway settlement', 'Bank credit', 'UTR', 'Fee calculation']",Zero Variance (Balanced),,Resolved,2026-09-03T18:53:57.821544+00:00,"{'mdr_rate_pct': 2.0, 'gst_rate_pct': 18.0, 'order_time': '2026-08-25 10:21:00', 'settlement_date': '2026-08-26 10:21:00', 'bank_txn_date': '2026-08-26'}"
REC_T1_pay_std_0061,REC_T1_pay_std_0061,ORD_STD_0061,pay_std_0061,UTR9026STD0061,4851.49,4851.49,97.03,17.47,4736.99,4736.99,0.0,Reconciled,RECONCILED_STANDARD,TIER_1_DETERMINISTIC,Rule-Based,,1.0,"3-Way Match Verified (1:1:1). Standard Razorpay MDR formula applied: 2.00% fee (₹97.03) + 18% GST (₹17.47) = net ₹4736.99, matching bank credit UTR UTR9026STD0061 exactly.","3-Way Match Verified (1:1:1). Standard Razorpay MDR formula applied: 2.00% fee (₹97.03) + 18% GST (₹17.47) = net ₹4736.99, matching bank credit UTR UTR9026STD0061 exactly.","['ERP amount', 'Gateway settlement', 'Bank credit', 'UTR', 'Fee calculation']",Zero Variance (Balanced),,Resolved,2026-09-03T18:53:57.821544+00:00,"{'mdr_rate_pct': 2.0, 'gst_rate_pct': 18.0, 'order_time': '2026-08-25 12:12:00', 'settlement_date': '2026-08-26 08:12:00', 'bank_txn_date': '2026-08-26'}"
REC_T1_pay_std_0062,REC_T1_pay_std_0062,ORD_STD_0062,pay_std_0062,UTR9026STD0062,2953.19,2953.19,59.06,10.63,2883.5,2883.5,0.0,Reconciled,RECONCILED_STANDARD,TIER_1_DETERMINISTIC,Rule-Based,,1.0,"3-Way Match Verified (1:1:1). Standard Razorpay MDR formula applied: 2.00% fee (₹59.06) + 18% GST (₹10.63) = net ₹2883.50, matching bank credit UTR UTR9026STD0062 exactly.","3-Way Match Verified (1:1:1). Standard Razorpay MDR formula applied: 2.00% fee (₹59.06) + 18% GST (₹10.63) = net ₹2883.50, matching bank credit UTR UTR9026STD0062 exactly.","['ERP amount', 'Gateway settlement', 'Bank credit', 'UTR', 'Fee calculation']",Zero Variance (Balanced),,Resolved,2026-09-03T18:53:57.821544+00:00,"{'mdr_rate_pct': 2.0, 'gst_rate_pct': 18.0, 'order_time': '2026-08-25 14:11:00', 'settlement_date': '2026-08-26 06:11:00', 'bank_txn_date': '2026-08-26'}"
REC_T1_pay_std_0063,REC_T1_pay_std_0063,ORD_STD_0063,pay_std_0063,UTR9026STD0063,4871.61,4871.61,97.43,17.54,4756.64,4756.64,0.0,Reconciled,RECONCILED_STANDARD,TIER_1_DETERMINISTIC,Rule-Based,,1.0,"3-Way Match Verified (1:1:1). Standard Razorpay MDR formula applied: 2.00% fee (₹97.43) + 18% GST (₹17.54) = net ₹4756.64, matching bank credit UTR UTR9026STD0063 exactly.","3-Way Match Verified (1:1:1). Standard Razorpay MDR formula applied: 2.00% fee (₹97.43) + 18% GST (₹17.54) = net ₹4756.64, matching bank credit UTR UTR9026STD0063 exactly.","['ERP amount', 'Gateway settlement', 'Bank credit', 'UTR', 'Fee calculation']",Zero Variance (Balanced),,Resolved,2026-09-03T18:53:57.821544+00:00,"{'mdr_rate_pct': 2.0, 'gst_rate_pct': 18.0, 'order_time': '2026-08-25 16:04:00', 'settlement_date': '2026-08-26 11:04:00', 'bank_txn_date': '2026-08-26'}"
REC_T1_pay_std_0064,REC_T1_pay_std_0064,ORD_STD_0064,pay_std_0064,UTR9026STD0064,2213.4,2213.4,44.27,7.97,2161.16,2161.16,0.0,Reconciled,RECONCILED_STANDARD,TIER_1_DETERMINISTIC,Rule-Based,,1.0,"3-Way Match Verified (1:1:1). Standard Razorpay MDR formula applied: 2.00% fee (₹44.27) + 18% GST (₹7.97) = net ₹2161.16, matching bank credit UTR UTR9026STD0064 exactly.","3-Way Match Verified (1:1:1). Standard Razorpay MDR formula applied: 2.00% fee (₹44.27) + 18% GST (₹7.97) = net ₹2161.16, matching bank credit UTR UTR9026STD0064 exactly.","['ERP amount', 'Gateway settlement', 'Bank credit', 'UTR', 'Fee calculation']",Zero Variance (Balanced),,Resolved,2026-09-03T18:53:57.821544+00:00,"{'mdr_rate_pct': 2.0, 'gst_rate_pct': 18.0, 'order_time': '2026-08-25 18:41:00', 'settlement_date': '2026-08-26 14:41:00', 'bank_txn_date': '2026-08-26'}"
REC_T1_pay_std_0065,REC_T1_pay_std_0065,ORD_STD_0065,pay_std_0065,UTR9026STD0065,17457.43,17457.43,349.15,62.85,17045.43,17045.43,0.0,Reconciled,RECONCILED_STANDARD,TIER_1_DETERMINISTIC,Rule-Based,,1.0,"3-Way Match Verified (1:1:1). Standard Razorpay MDR formula applied: 2.00% fee (₹349.15) + 18% GST (₹62.85) = net ₹17045.43, matching bank credit UTR UTR9026STD0065 exactly.","3-Way Match Verified (1:1:1). Standard Razorpay MDR formula applied: 2.00% fee (₹349.15) + 18% GST (₹62.85) = net ₹17045.43, matching bank credit UTR UTR9026STD0065 exactly.","['ERP amount', 'Gateway settlement', 'Bank credit', 'UTR', 'Fee calculation']",Zero Variance (Balanced),,Resolved,2026-09-03T18:53:57.821544+00:00,"{'mdr_rate_pct': 2.0, 'gst_rate_pct': 18.0, 'order_time': '2026-08-25 20:48:00', 'settlement_date': '2026-08-26 11:48:00', 'bank_txn_date': '2026-08-26'}"
REC_T1_pay_std_0066,REC_T1_pay_std_0066,ORD_STD_0066,pay_std_0066,UTR9026STD0066,7612.25,7612.25,152.25,27.4,7432.6,7432.6,0.0,Reconciled,RECONCILED_STANDARD,TIER_1_DETERMINISTIC,Rule-Based,,1.0,"3-Way Match Verified (1:1:1). Standard Razorpay MDR formula applied: 2.00% fee (₹152.25) + 18% GST (₹27.40) = net ₹7432.60, matching bank credit UTR UTR9026STD0066 exactly.","3-Way Match Verified (1:1:1). Standard Razorpay MDR formula applied: 2.00% fee (₹152.25) + 18% GST (₹27.40) = net ₹7432.60, matching bank credit UTR UTR9026STD0066 exactly.","['ERP amount', 'Gateway settlement', 'Bank credit', 'UTR', 'Fee calculation']",Zero Variance (Balanced),,Resolved,2026-09-03T18:53:57.821544+00:00,"{'mdr_rate_pct': 2.0, 'gst_rate_pct': 18.0, 'order_time': '2026-08-25 22:30:00', 'settlement_date': '2026-08-26 13:30:00', 'bank_txn_date': '2026-08-26'}"
REC_T1_pay_std_0067,REC_T1_pay_std_0067,ORD_STD_0067,pay_std_0067,UTR9026STD0067,16292.75,16292.75,325.86,58.65,15908.24,15908.24,0.0,Reconciled,RECONCILED_STANDARD,TIER_1_DETERMINISTIC,Rule-Based,,1.0,"3-Way Match Verified (1:1:1). Standard Razorpay MDR formula applied: 2.00% fee (₹325.86) + 18% GST (₹58.65) = net ₹15908.24, matching bank credit UTR UTR9026STD0067 exactly.","3-Way Match Verified (1:1:1). Standard Razorpay MDR formula applied: 2.00% fee (₹325.86) + 18% GST (₹58.65) = net ₹15908.24, matching bank credit UTR UTR9026STD0067 exactly.","['ERP amount', 'Gateway settlement', 'Bank credit', 'UTR', 'Fee calculation']",Zero Variance (Balanced),,Resolved,2026-09-03T18:53:57.821544+00:00,"{'mdr_rate_pct': 2.0, 'gst_rate_pct': 18.0, 'order_time': '2026-08-26 00:10:00', 'settlement_date': '2026-08-26 18:10:00', 'bank_txn_date': '2026-08-26'}"
REC_T1_pay_std_0068,REC_T1_pay_std_0068,ORD_STD_0068,pay_std_0068,UTR9026STD0068,17742.9,17742.9,354.86,63.87,17324.17,17324.17,0.0,Reconciled,RECONCILED_STANDARD,TIER_1_DETERMINISTIC,Rule-Based,,1.0,"3-Way Match Verified (1:1:1). Standard Razorpay MDR formula applied: 2.00% fee (₹354.86) + 18% GST (₹63.87) = net ₹17324.17, matching bank credit UTR UTR9026STD0068 exactly.","3-Way Match Verified (1:1:1). Standard Razorpay MDR formula applied: 2.00% fee (₹354.86) + 18% GST (₹63.87) = net ₹17324.17, matching bank credit UTR UTR9026STD0068 exactly.","['ERP amount', 'Gateway settlement', 'Bank credit', 'UTR', 'Fee calculation']",Zero Variance (Balanced),,Resolved,2026-09-03T18:53:57.821544+00:00,"{'mdr_rate_pct': 2.0, 'gst_rate_pct': 18.0, 'order_time': '2026-08-26 02:16:00', 'settlement_date': '2026-08-27 02:16:00', 'bank_txn_date': '2026-08-27'}"
REC_T1_pay_std_0069,REC_T1_pay_std_0069,ORD_STD_0069,pay_std_0069,UTR9026STD0069,5491.86,5491.86,109.84,19.77,5362.25,5362.25,0.0,Reconciled,RECONCILED_STANDARD,TIER_1_DETERMINISTIC,Rule-Based,,1.0,"3-Way Match Verified (1:1:1). Standard Razorpay MDR formula applied: 2.00% fee (₹109.84) + 18% GST (₹19.77) = net ₹5362.25, matching bank credit UTR UTR9026STD0069 exactly.","3-Way Match Verified (1:1:1). Standard Razorpay MDR formula applied: 2.00% fee (₹109.84) + 18% GST (₹19.77) = net ₹5362.25, matching bank credit UTR UTR9026STD0069 exactly.","['ERP amount', 'Gateway settlement', 'Bank credit', 'UTR', 'Fee calculation']",Zero Variance (Balanced),,Resolved,2026-09-03T18:53:57.821544+00:00,"{'mdr_rate_pct': 2.0, 'gst_rate_pct': 18.0, 'order_time': '2026-08-26 04:44:00', 'settlement_date': '2026-08-27 03:44:00', 'bank_txn_date': '2026-08-27'}"
REC_T1_pay_std_0070,REC_T1_pay_std_0070,ORD_STD_0070,pay_std_0070,UTR9026STD0070,12082.75,12082.75,241.66,43.5,11797.59,11797.59,0.0,Reconciled,RECONCILED_STANDARD,TIER_1_DETERMINISTIC,Rule-Based,,1.0,"3-Way Match Verified (1:1:1). Standard Razorpay MDR formula applied: 2.00% fee (₹241.66) + 18% GST (₹43.50) = net ₹11797.59, matching bank credit UTR UTR9026STD0070 exactly.","3-Way Match Verified (1:1:1). Standard Razorpay MDR formula applied: 2.00% fee (₹241.66) + 18% GST (₹43.50) = net ₹11797.59, matching bank credit UTR UTR9026STD0070 exactly.","['ERP amount', 'Gateway settlement', 'Bank credit', 'UTR', 'Fee calculation']",Zero Variance (Balanced),,Resolved,2026-09-03T18:53:57.821544+00:00,"{'mdr_rate_pct': 2.0, 'gst_rate_pct': 18.0, 'order_time': '2026-08-26 06:31:00', 'settlement_date': '2026-08-26 20:31:00', 'bank_txn_date': '2026-08-27'}"
REC_T1_pay_std_0071,REC_T1_pay_std_0071,ORD_STD_0071,pay_std_0071,UTR9026STD0071,5692.39,5692.39,113.85,20.49,5558.05,5558.05,0.0,Reconciled,RECONCILED_STANDARD,TIER_1_DETERMINISTIC,Rule-Based,,1.0,"3-Way Match Verified (1:1:1). Standard Razorpay MDR formula applied: 2.00% fee (₹113.85) + 18% GST (₹20.49) = net ₹5558.05, matching bank credit UTR UTR9026STD0071 exactly.","3-Way Match Verified (1:1:1). Standard Razorpay MDR formula applied: 2.00% fee (₹113.85) + 18% GST (₹20.49) = net ₹5558.05, matching bank credit UTR UTR9026STD0071 exactly.","['ERP amount', 'Gateway settlement', 'Bank credit', 'UTR', 'Fee calculation']",Zero Variance (Balanced),,Resolved,2026-09-03T18:53:57.821544+00:00,"{'mdr_rate_pct': 2.0, 'gst_rate_pct': 18.0, 'order_time': '2026-08-26 08:03:00', 'settlement_date': '2026-08-27 05:03:00', 'bank_txn_date': '2026-08-27'}"
REC_T1_pay_std_0072,REC_T1_pay_std_0072,ORD_STD_0072,pay_std_0072,UTR9026STD0072,1566.76,1566.76,31.34,5.64,1529.78,1529.78,0.0,Reconciled,RECONCILED_STANDARD,TIER_1_DETERMINISTIC,Rule-Based,,1.0,"3-Way Match Verified (1:1:1). Standard Razorpay MDR formula applied: 2.00% fee (₹31.34) + 18% GST (₹5.64) = net ₹1529.78, matching bank credit UTR UTR9026STD0072 exactly.","3-Way Match Verified (1:1:1). Standard Razorpay MDR formula applied: 2.00% fee (₹31.34) + 18% GST (₹5.64) = net ₹1529.78, matching bank credit UTR UTR9026STD0072 exactly.","['ERP amount', 'Gateway settlement', 'Bank credit', 'UTR', 'Fee calculation']",Zero Variance (Balanced),,Resolved,2026-09-03T18:53:57.821544+00:00,"{'mdr_rate_pct': 2.0, 'gst_rate_pct': 18.0, 'order_time': '2026-08-26 10:20:00', 'settlement_date': '2026-08-26 22:20:00', 'bank_txn_date': '2026-08-27'}"
REC_T1_pay_std_0073,REC_T1_pay_std_0073,ORD_STD_0073,pay_std_0073,UTR9026STD0073,10723.11,10723.11,214.46,38.6,10470.05,10470.05,0.0,Reconciled,RECONCILED_STANDARD,TIER_1_DETERMINISTIC,Rule-Based,,1.0,"3-Way Match Verified (1:1:1). Standard Razorpay MDR formula applied: 2.00% fee (₹214.46) + 18% GST (₹38.60) = net ₹10470.05, matching bank credit UTR UTR9026STD0073 exactly.","3-Way Match Verified (1:1:1). Standard Razorpay MDR formula applied: 2.00% fee (₹214.46) + 18% GST (₹38.60) = net ₹10470.05, matching bank credit UTR UTR9026STD0073 exactly.","['ERP amount', 'Gateway settlement', 'Bank credit', 'UTR', 'Fee calculation']",Zero Variance (Balanced),,Resolved,2026-09-03T18:53:57.821544+00:00,"{'mdr_rate_pct': 2.0, 'gst_rate_pct': 18.0, 'order_time': '2026-08-26 12:32:00', 'settlement_date': '2026-08-27 08:32:00', 'bank_txn_date': '2026-08-27'}"
REC_T1_pay_std_0074,REC_T1_pay_std_0074,ORD_STD_0074,pay_std_0074,UTR9026STD0074,1495.39,1495.39,29.91,5.38,1460.1,1460.1,0.0,Reconciled,RECONCILED_STANDARD,TIER_1_DETERMINISTIC,Rule-Based,,1.0,"3-Way Match Verified (1:1:1). Standard Razorpay MDR formula applied: 2.00% fee (₹29.91) + 18% GST (₹5.38) = net ₹1460.10, matching bank credit UTR UTR9026STD0074 exactly.","3-Way Match Verified (1:1:1). Standard Razorpay MDR formula applied: 2.00% fee (₹29.91) + 18% GST (₹5.38) = net ₹1460.10, matching bank credit UTR UTR9026STD0074 exactly.","['ERP amount', 'Gateway settlement', 'Bank credit', 'UTR', 'Fee calculation']",Zero Variance (Balanced),,Resolved,2026-09-03T18:53:57.821544+00:00,"{'mdr_rate_pct': 2.0, 'gst_rate_pct': 18.0, 'order_time': '2026-08-26 14:32:00', 'settlement_date': '2026-08-27 03:32:00', 'bank_txn_date': '2026-08-27'}"
REC_T1_pay_std_0075,REC_T1_pay_std_0075,ORD_STD_0075,pay_std_0075,UTR9026STD0075,1699.12,1699.12,33.98,6.12,1659.02,1659.02,0.0,Reconciled,RECONCILED_STANDARD,TIER_1_DETERMINISTIC,Rule-Based,,1.0,"3-Way Match Verified (1:1:1). Standard Razorpay MDR formula applied: 2.00% fee (₹33.98) + 18% GST (₹6.12) = net ₹1659.02, matching bank credit UTR UTR9026STD0075 exactly.","3-Way Match Verified (1:1:1). Standard Razorpay MDR formula applied: 2.00% fee (₹33.98) + 18% GST (₹6.12) = net ₹1659.02, matching bank credit UTR UTR9026STD0075 exactly.","['ERP amount', 'Gateway settlement', 'Bank credit', 'UTR', 'Fee calculation']",Zero Variance (Balanced),,Resolved,2026-09-03T18:53:57.821544+00:00,"{'mdr_rate_pct': 2.0, 'gst_rate_pct': 18.0, 'order_time': '2026-08-26 16:04:00', 'settlement_date': '2026-08-27 14:04:00', 'bank_txn_date': '2026-08-27'}"
REC_T1_pay_std_0076,REC_T1_pay_std_0076,ORD_STD_0076,pay_std_0076,UTR9026STD0076,7566.07,7566.07,151.32,27.24,7387.51,7387.51,0.0,Reconciled,RECONCILED_STANDARD,TIER_1_DETERMINISTIC,Rule-Based,,1.0,"3-Way Match Verified (1:1:1). Standard Razorpay MDR formula applied: 2.00% fee (₹151.32) + 18% GST (₹27.24) = net ₹7387.51, matching bank credit UTR UTR9026STD0076 exactly.","3-Way Match Verified (1:1:1). Standard Razorpay MDR formula applied: 2.00% fee (₹151.32) + 18% GST (₹27.24) = net ₹7387.51, matching bank credit UTR UTR9026STD0076 exactly.","['ERP amount', 'Gateway settlement', 'Bank credit', 'UTR', 'Fee calculation']",Zero Variance (Balanced),,Resolved,2026-09-03T18:53:57.821544+00:00,"{'mdr_rate_pct': 2.0, 'gst_rate_pct': 18.0, 'order_time': '2026-08-26 18:36:00', 'settlement_date': '2026-08-27 09:36:00', 'bank_txn_date': '2026-08-27'}"
REC_T1_pay_std_0077,REC_T1_pay_std_0077,ORD_STD_0077,pay_std_0077,UTR9026STD0077,11339.18,11339.18,226.78,40.82,11071.58,11071.58,0.0,Reconciled,RECONCILED_STANDARD,TIER_1_DETERMINISTIC,Rule-Based,,1.0,"3-Way Match Verified (1:1:1). Standard Razorpay MDR formula applied: 2.00% fee (₹226.78) + 18% GST (₹40.82) = net ₹11071.58, matching bank credit UTR UTR9026STD0077 exactly.","3-Way Match Verified (1:1:1). Standard Razorpay MDR formula applied: 2.00% fee (₹226.78) + 18% GST (₹40.82) = net ₹11071.58, matching bank credit UTR UTR9026STD0077 exactly.","['ERP amount', 'Gateway settlement', 'Bank credit', 'UTR', 'Fee calculation']",Zero Variance (Balanced),,Resolved,2026-09-03T18:53:57.821544+00:00,"{'mdr_rate_pct': 2.0, 'gst_rate_pct': 18.0, 'order_time': '2026-08-26 20:26:00', 'settlement_date': '2026-08-27 18:26:00', 'bank_txn_date': '2026-08-28'}"
REC_T1_pay_std_0078,REC_T1_pay_std_0078,ORD_STD_0078,pay_std_0078,UTR9026STD0078,6036.47,6036.47,120.73,21.73,5894.01,5894.01,0.0,Reconciled,RECONCILED_STANDARD,TIER_1_DETERMINISTIC,Rule-Based,,1.0,"3-Way Match Verified (1:1:1). Standard Razorpay MDR formula applied: 2.00% fee (₹120.73) + 18% GST (₹21.73) = net ₹5894.01, matching bank credit UTR UTR9026STD0078 exactly.","3-Way Match Verified (1:1:1). Standard Razorpay MDR formula applied: 2.00% fee (₹120.73) + 18% GST (₹21.73) = net ₹5894.01, matching bank credit UTR UTR9026STD0078 exactly.","['ERP amount', 'Gateway settlement', 'Bank credit', 'UTR', 'Fee calculation']",Zero Variance (Balanced),,Resolved,2026-09-03T18:53:57.821544+00:00,"{'mdr_rate_pct': 2.0, 'gst_rate_pct': 18.0, 'order_time': '2026-08-26 22:16:00', 'settlement_date': '2026-08-27 13:16:00', 'bank_txn_date': '2026-08-27'}"
REC_T1_pay_std_0079,REC_T1_pay_std_0079,ORD_STD_0079,pay_std_0079,UTR9026STD0079,4677.0,4677.0,93.54,16.84,4566.62,4566.62,0.0,Reconciled,RECONCILED_STANDARD,TIER_1_DETERMINISTIC,Rule-Based,,1.0,"3-Way Match Verified (1:1:1). Standard Razorpay MDR formula applied: 2.00% fee (₹93.54) + 18% GST (₹16.84) = net ₹4566.62, matching bank credit UTR UTR9026STD0079 exactly.","3-Way Match Verified (1:1:1). Standard Razorpay MDR formula applied: 2.00% fee (₹93.54) + 18% GST (₹16.84) = net ₹4566.62, matching bank credit UTR UTR9026STD0079 exactly.","['ERP amount', 'Gateway settlement', 'Bank credit', 'UTR', 'Fee calculation']",Zero Variance (Balanced),,Resolved,2026-09-03T18:53:57.821544+00:00,"{'mdr_rate_pct': 2.0, 'gst_rate_pct': 18.0, 'order_time': '2026-08-27 00:25:00', 'settlement_date': '2026-08-27 14:25:00', 'bank_txn_date': '2026-08-27'}"
REC_T1_pay_std_0080,REC_T1_pay_std_0080,ORD_STD_0080,pay_std_0080,UTR9026STD0080,8501.43,8501.43,170.03,30.61,8300.79,8300.79,0.0,Reconciled,RECONCILED_STANDARD,TIER_1_DETERMINISTIC,Rule-Based,,1.0,"3-Way Match Verified (1:1:1). Standard Razorpay MDR formula applied: 2.00% fee (₹170.03) + 18% GST (₹30.61) = net ₹8300.79, matching bank credit UTR UTR9026STD0080 exactly.","3-Way Match Verified (1:1:1). Standard Razorpay MDR formula applied: 2.00% fee (₹170.03) + 18% GST (₹30.61) = net ₹8300.79, matching bank credit UTR UTR9026STD0080 exactly.","['ERP amount', 'Gateway settlement', 'Bank credit', 'UTR', 'Fee calculation']",Zero Variance (Balanced),,Resolved,2026-09-03T18:53:57.821544+00:00,"{'mdr_rate_pct': 2.0, 'gst_rate_pct': 18.0, 'order_time': '2026-08-27 02:48:00', 'settlement_date': '2026-08-27 15:48:00', 'bank_txn_date': '2026-08-27'}"
REC_T1_pay_std_0081,REC_T1_pay_std_0081,ORD_STD_0081,pay_std_0081,UTR9026STD0081,8520.0,8520.0,170.4,30.67,8318.93,8318.93,0.0,Reconciled,RECONCILED_STANDARD,TIER_1_DETERMINISTIC,Rule-Based,,1.0,"3-Way Match Verified (1:1:1). Standard Razorpay MDR formula applied: 2.00% fee (₹170.40) + 18% GST (₹30.67) = net ₹8318.93, matching bank credit UTR UTR9026STD0081 exactly.","3-Way Match Verified (1:1:1). Standard Razorpay MDR formula applied: 2.00% fee (₹170.40) + 18% GST (₹30.67) = net ₹8318.93, matching bank credit UTR UTR9026STD0081 exactly.","['ERP amount', 'Gateway settlement', 'Bank credit', 'UTR', 'Fee calculation']",Zero Variance (Balanced),,Resolved,2026-09-03T18:53:57.821544+00:00,"{'mdr_rate_pct': 2.0, 'gst_rate_pct': 18.0, 'order_time': '2026-08-27 04:36:00', 'settlement_date': '2026-08-27 17:36:00', 'bank_txn_date': '2026-08-27'}"
REC_T1_pay_std_0082,REC_T1_pay_std_0082,ORD_STD_0082,pay_std_0082,UTR9026STD0082,9908.6,9908.6,198.17,35.67,9674.76,9674.76,0.0,Reconciled,RECONCILED_STANDARD,TIER_1_DETERMINISTIC,Rule-Based,,1.0,"3-Way Match Verified (1:1:1). Standard Razorpay MDR formula applied: 2.00% fee (₹198.17) + 18% GST (₹35.67) = net ₹9674.76, matching bank credit UTR UTR9026STD0082 exactly.","3-Way Match Verified (1:1:1). Standard Razorpay MDR formula applied: 2.00% fee (₹198.17) + 18% GST (₹35.67) = net ₹9674.76, matching bank credit UTR UTR9026STD0082 exactly.","['ERP amount', 'Gateway settlement', 'Bank credit', 'UTR', 'Fee calculation']",Zero Variance (Balanced),,Resolved,2026-09-03T18:53:57.821544+00:00,"{'mdr_rate_pct': 2.0, 'gst_rate_pct': 18.0, 'order_time': '2026-08-27 06:32:00', 'settlement_date': '2026-08-27 22:32:00', 'bank_txn_date': '2026-08-28'}"
REC_T2_FEE_pay_fee_001,REC_T2_FEE_pay_fee_001,ORD_FEE_001,pay_fee_001,UTR9026FEE001,71329.27,71329.27,1069.94,192.59,70066.74,70066.74,0.0,Reconciled,RECONCILED_CUSTOM_FEE,TIER_2_AI_REASONING,Assisted,,0.99,Custom Fee Tier Reconciled: Effective fee rate is 1.50% (Enterprise Contract). Fee variance from standard 2.0% is -₹356.65. GST 18% (₹192.59) and net credit ₹70066.74 fully verified against bank.,Custom Fee Tier Reconciled: Effective fee rate is 1.50% (Enterprise Contract). Fee variance from standard 2.0% is -₹356.65. GST 18% (₹192.59) and net credit ₹70066.74 fully verified against bank.,"['ERP amount', 'Gateway settlement', 'Bank credit', 'UTR', 'Fee calculation']",Zero Variance (Contractual Savings Applied),,Resolved,2026-09-03T18:53:57.821544+00:00,"{'effective_fee_rate_pct': 1.5, 'fee_savings_vs_standard': 356.65, 'tier_name': 'Enterprise 1.5% Custom MDR'}"
REC_T2_FEE_pay_fee_002,REC_T2_FEE_pay_fee_002,ORD_FEE_002,pay_fee_002,UTR9026FEE002,68447.53,68447.53,1026.71,184.81,67236.01,67236.01,0.0,Reconciled,RECONCILED_CUSTOM_FEE,TIER_2_AI_REASONING,Assisted,,0.99,Custom Fee Tier Reconciled: Effective fee rate is 1.50% (Enterprise Contract). Fee variance from standard 2.0% is -₹342.24. GST 18% (₹184.81) and net credit ₹67236.01 fully verified against bank.,Custom Fee Tier Reconciled: Effective fee rate is 1.50% (Enterprise Contract). Fee variance from standard 2.0% is -₹342.24. GST 18% (₹184.81) and net credit ₹67236.01 fully verified against bank.,"['ERP amount', 'Gateway settlement', 'Bank credit', 'UTR', 'Fee calculation']",Zero Variance (Contractual Savings Applied),,Resolved,2026-09-03T18:53:57.821544+00:00,"{'effective_fee_rate_pct': 1.5, 'fee_savings_vs_standard': 342.24, 'tier_name': 'Enterprise 1.5% Custom MDR'}"
REC_T2_FEE_pay_fee_003,REC_T2_FEE_pay_fee_003,ORD_FEE_003,pay_fee_003,UTR9026FEE003,68359.86,68359.86,1025.4,184.57,67149.89,67149.89,0.0,Reconciled,RECONCILED_CUSTOM_FEE,TIER_2_AI_REASONING,Assisted,,0.99,Custom Fee Tier Reconciled: Effective fee rate is 1.50% (Enterprise Contract). Fee variance from standard 2.0% is -₹341.80. GST 18% (₹184.57) and net credit ₹67149.89 fully verified against bank.,Custom Fee Tier Reconciled: Effective fee rate is 1.50% (Enterprise Contract). Fee variance from standard 2.0% is -₹341.80. GST 18% (₹184.57) and net credit ₹67149.89 fully verified against bank.,"['ERP amount', 'Gateway settlement', 'Bank credit', 'UTR', 'Fee calculation']",Zero Variance (Contractual Savings Applied),,Resolved,2026-09-03T18:53:57.821544+00:00,"{'effective_fee_rate_pct': 1.5, 'fee_savings_vs_standard': 341.8, 'tier_name': 'Enterprise 1.5% Custom MDR'}"
REC_T2_FEE_pay_fee_004,REC_T2_FEE_pay_fee_004,ORD_FEE_004,pay_fee_004,UTR9026FEE004,40323.99,40323.99,604.86,108.87,39610.26,39610.26,0.0,Reconciled,RECONCILED_CUSTOM_FEE,TIER_2_AI_REASONING,Assisted,,0.99,Custom Fee Tier Reconciled: Effective fee rate is 1.50% (Enterprise Contract). Fee variance from standard 2.0% is -₹201.62. GST 18% (₹108.87) and net credit ₹39610.26 fully verified against bank.,Custom Fee Tier Reconciled: Effective fee rate is 1.50% (Enterprise Contract). Fee variance from standard 2.0% is -₹201.62. GST 18% (₹108.87) and net credit ₹39610.26 fully verified against bank.,"['ERP amount', 'Gateway settlement', 'Bank credit', 'UTR', 'Fee calculation']",Zero Variance (Contractual Savings Applied),,Resolved,2026-09-03T18:53:57.821544+00:00,"{'effective_fee_rate_pct': 1.5, 'fee_savings_vs_standard': 201.62, 'tier_name': 'Enterprise 1.5% Custom MDR'}"
REC_T2_FEE_pay_fee_005,REC_T2_FEE_pay_fee_005,ORD_FEE_005,pay_fee_005,UTR9026FEE005,28676.08,28676.08,430.14,77.43,28168.51,28168.51,0.0,Reconciled,RECONCILED_CUSTOM_FEE,TIER_2_AI_REASONING,Assisted,,0.99,Custom Fee Tier Reconciled: Effective fee rate is 1.50% (Enterprise Contract). Fee variance from standard 2.0% is -₹143.38. GST 18% (₹77.43) and net credit ₹28168.51 fully verified against bank.,Custom Fee Tier Reconciled: Effective fee rate is 1.50% (Enterprise Contract). Fee variance from standard 2.0% is -₹143.38. GST 18% (₹77.43) and net credit ₹28168.51 fully verified against bank.,"['ERP amount', 'Gateway settlement', 'Bank credit', 'UTR', 'Fee calculation']",Zero Variance (Contractual Savings Applied),,Resolved,2026-09-03T18:53:57.821544+00:00,"{'effective_fee_rate_pct': 1.5, 'fee_savings_vs_standard': 143.38, 'tier_name': 'Enterprise 1.5% Custom MDR'}"
REC_T2_BATCH_pay_bat_001,REC_T2_BATCH_pay_bat_001,ORD_BAT_01A+ORD_BAT_01B,pay_bat_001,UTR9026BAT001,17891.199999999997,17891.2,357.82,64.41,17468.97,17468.97,0.0,Reconciled,RECONCILED_BATCH,TIER_2_AI_REASONING,Assisted,,0.98,"Batch Settlement Reconciled: Gateway combined 2 internal orders (ORD_BAT_01A, ORD_BAT_01B) totaling ₹17,891.20 into single settlement UTR UTR9026BAT001. Net payout ₹17,468.97 matches bank statement credit exactly.","Batch Settlement Reconciled: Gateway combined 2 internal orders (ORD_BAT_01A, ORD_BAT_01B) totaling ₹17,891.20 into single settlement UTR UTR9026BAT001. Net payout ₹17,468.97 matches bank statement credit exactly.","['ERP amount', 'Gateway settlement', 'Bank credit', 'UTR']",Zero Variance (Batch Aggregation Verified),,Resolved,2026-09-03T18:53:57.821544+00:00,"{'batched_order_ids': ['ORD_BAT_01A', 'ORD_BAT_01B'], 'batch_order_count': 2}"
REC_T2_BATCH_pay_bat_002,REC_T2_BATCH_pay_bat_002,ORD_BAT_02A+ORD_BAT_02B,pay_bat_002,UTR9026BAT002,17816.82,17816.82,356.34,64.14,17396.34,17396.34,0.0,Reconciled,RECONCILED_BATCH,TIER_2_AI_REASONING,Assisted,,0.98,"Batch Settlement Reconciled: Gateway combined 2 internal orders (ORD_BAT_02A, ORD_BAT_02B) totaling ₹17,816.82 into single settlement UTR UTR9026BAT002. Net payout ₹17,396.34 matches bank statement credit exactly.","Batch Settlement Reconciled: Gateway combined 2 internal orders (ORD_BAT_02A, ORD_BAT_02B) totaling ₹17,816.82 into single settlement UTR UTR9026BAT002. Net payout ₹17,396.34 matches bank statement credit exactly.","['ERP amount', 'Gateway settlement', 'Bank credit', 'UTR']",Zero Variance (Batch Aggregation Verified),,Resolved,2026-09-03T18:53:57.821544+00:00,"{'batched_order_ids': ['ORD_BAT_02A', 'ORD_BAT_02B'], 'batch_order_count': 2}"
REC_T2_BATCH_pay_bat_003,REC_T2_BATCH_pay_bat_003,ORD_BAT_03A+ORD_BAT_03B,pay_bat_003,UTR9026BAT003,12278.75,12278.75,245.58,44.2,11988.97,11988.97,0.0,Reconciled,RECONCILED_BATCH,TIER_2_AI_REASONING,Assisted,,0.98,"Batch Settlement Reconciled: Gateway combined 2 internal orders (ORD_BAT_03A, ORD_BAT_03B) totaling ₹12,278.75 into single settlement UTR UTR9026BAT003. Net payout ₹11,988.97 matches bank statement credit exactly.","Batch Settlement Reconciled: Gateway combined 2 internal orders (ORD_BAT_03A, ORD_BAT_03B) totaling ₹12,278.75 into single settlement UTR UTR9026BAT003. Net payout ₹11,988.97 matches bank statement credit exactly.","['ERP amount', 'Gateway settlement', 'Bank credit', 'UTR']",Zero Variance (Batch Aggregation Verified),,Resolved,2026-09-03T18:53:57.821544+00:00,"{'batched_order_ids': ['ORD_BAT_03A', 'ORD_BAT_03B'], 'batch_order_count': 2}"
REC_T2_INFLIGHT_pay_inf_001,REC_T2_INFLIGHT_pay_inf_001,ORD_INF_001,pay_inf_001,UTR9026INF001,11988.15,11988.15,239.76,43.16,11705.23,0.0,11705.23,Exception,IN_FLIGHT_SETTLEMENT,TIER_2_AI_REASONING,Exception Review,IN_FLIGHT_SETTLEMENT,0.95,"Bank credit differs from expected settlement by ₹11,705.23. Gateway settled order ORD_INF_001 on 2026-09-03 07:00:00 with UTR UTR9026INF001, but bank credit has not cleared. Awaiting standard T+1 banking clearing cycle.","Bank credit differs from expected settlement by ₹11,705.23. Gateway settled order ORD_INF_001 on 2026-09-03 07:00:00 with UTR UTR9026INF001, but bank credit has not cleared. Awaiting standard T+1 banking clearing cycle.","['ERP amount', 'Gateway settlement', 'UTR', 'Settlement timing']","₹11,705.23 pending interbank clearance",Auto-monitor bank feed over the next 24-48 hours. Expected to clear in next business cycle.,Pending Review,2026-09-03T18:53:57.821544+00:00,"{'settlement_date': '2026-09-03 07:00:00', 'expected_bank_credit': 11705.23}"
REC_T2_INFLIGHT_pay_inf_002,REC_T2_INFLIGHT_pay_inf_002,ORD_INF_002,pay_inf_002,UTR9026INF002,6293.17,6293.17,125.86,22.65,6144.66,0.0,6144.66,Exception,IN_FLIGHT_SETTLEMENT,TIER_2_AI_REASONING,Exception Review,IN_FLIGHT_SETTLEMENT,0.95,"Bank credit differs from expected settlement by ₹6,144.66. Gateway settled order ORD_INF_002 on 2026-09-03 08:00:00 with UTR UTR9026INF002, but bank credit has not cleared. Awaiting standard T+1 banking clearing cycle.","Bank credit differs from expected settlement by ₹6,144.66. Gateway settled order ORD_INF_002 on 2026-09-03 08:00:00 with UTR UTR9026INF002, but bank credit has not cleared. Awaiting standard T+1 banking clearing cycle.","['ERP amount', 'Gateway settlement', 'UTR', 'Settlement timing']","₹6,144.66 pending interbank clearance",Auto-monitor bank feed over the next 24-48 hours. Expected to clear in next business cycle.,Pending Review,2026-09-03T18:53:57.821544+00:00,"{'settlement_date': '2026-09-03 08:00:00', 'expected_bank_credit': 6144.66}"
REC_T2_INFLIGHT_pay_inf_003,REC_T2_INFLIGHT_pay_inf_003,ORD_INF_003,pay_inf_003,UTR9026INF003,10297.28,10297.28,205.95,37.07,10054.26,0.0,10054.26,Exception,IN_FLIGHT_SETTLEMENT,TIER_2_AI_REASONING,Exception Review,IN_FLIGHT_SETTLEMENT,0.95,"Bank credit differs from expected settlement by ₹10,054.26. Gateway settled order ORD_INF_003 on 2026-09-03 09:00:00 with UTR UTR9026INF003, but bank credit has not cleared. Awaiting standard T+1 banking clearing cycle.","Bank credit differs from expected settlement by ₹10,054.26. Gateway settled order ORD_INF_003 on 2026-09-03 09:00:00 with UTR UTR9026INF003, but bank credit has not cleared. Awaiting standard T+1 banking clearing cycle.","['ERP amount', 'Gateway settlement', 'UTR', 'Settlement timing']","₹10,054.26 pending interbank clearance",Auto-monitor bank feed over the next 24-48 hours. Expected to clear in next business cycle.,Pending Review,2026-09-03T18:53:57.821544+00:00,"{'settlement_date': '2026-09-03 09:00:00', 'expected_bank_credit': 10054.26}"
REC_T2_PHANTOM_pay_phantom_001,REC_T2_PHANTOM_pay_phantom_001,ORD_PHANTOM_001,pay_phantom_001,UTR9026PHN001,0.0,8225.19,164.5,29.61,8031.08,0.0,8225.19,Exception,UNREGISTERED_ORDER,TIER_2_AI_REASONING,Exception Review,UNREGISTERED_ORDER,0.96,"Unregistered gateway payment: Gateway received ₹8,225.19 under reference 'ORD_PHANTOM_001', but no matching order exists in internal ERP. Webhook delivery dropped or direct API call bypass.","Unregistered gateway payment: Gateway received ₹8,225.19 under reference 'ORD_PHANTOM_001', but no matching order exists in internal ERP. Webhook delivery dropped or direct API call bypass.","['Gateway settlement', 'UTR', 'Fee calculation']","₹8,225.19 received without internal ERP record",Investigate gateway webhook delivery logs for payment ID. Backfill order into internal database if legitimate customer purchase.,Pending Review,2026-09-03T18:53:57.821544+00:00,"{'payment_id': 'pay_phantom_001', 'gateway_order_reference': 'ORD_PHANTOM_001'}"
REC_T2_PHANTOM_pay_phantom_002,REC_T2_PHANTOM_pay_phantom_002,ORD_PHANTOM_002,pay_phantom_002,UTR9026PHN002,0.0,4604.31,92.09,16.58,4495.64,0.0,4604.31,Exception,UNREGISTERED_ORDER,TIER_2_AI_REASONING,Exception Review,UNREGISTERED_ORDER,0.96,"Unregistered gateway payment: Gateway received ₹4,604.31 under reference 'ORD_PHANTOM_002', but no matching order exists in internal ERP. Webhook delivery dropped or direct API call bypass.","Unregistered gateway payment: Gateway received ₹4,604.31 under reference 'ORD_PHANTOM_002', but no matching order exists in internal ERP. Webhook delivery dropped or direct API call bypass.","['Gateway settlement', 'UTR', 'Fee calculation']","₹4,604.31 received without internal ERP record",Investigate gateway webhook delivery logs for payment ID. Backfill order into internal database if legitimate customer purchase.,Pending Review,2026-09-03T18:53:57.821544+00:00,"{'payment_id': 'pay_phantom_002', 'gateway_order_reference': 'ORD_PHANTOM_002'}"
REC_T2_CHG_ORD_CHG_001,REC_T2_CHG_ORD_CHG_001,ORD_CHG_001,,,2019.43,0.0,0.0,0.0,0.0,0.0,-2019.43,Exception,CHARGEBACK_DEDUCTION,TIER_2_AI_REASONING,Exception Review,CHARGEBACK_DEDUCTION,0.95,"Disputed order: Customer initiated dispute/chargeback for internal order ORD_CHG_001 (₹2,019.43). Settlement funds withheld by payment processor pending merchant evidence submission.","Disputed order: Customer initiated dispute/chargeback for internal order ORD_CHG_001 (₹2,019.43). Settlement funds withheld by payment processor pending merchant evidence submission.","['ERP amount', 'Dispute status flag']","-₹2,019.43 withheld pending dispute resolution",Upload Proof of Delivery and customer communication to Razorpay Merchant Portal before dispute cutoff date.,Pending Review,2026-09-03T18:53:57.821544+00:00,"{'internal_status': 'DISPUTED', 'dispute_amount': 2019.43}"
REC_T2_CHG_ORD_CHG_002,REC_T2_CHG_ORD_CHG_002,ORD_CHG_002,,,1981.66,0.0,0.0,0.0,0.0,0.0,-1981.66,Exception,CHARGEBACK_DEDUCTION,TIER_2_AI_REASONING,Exception Review,CHARGEBACK_DEDUCTION,0.95,"Disputed order: Customer initiated dispute/chargeback for internal order ORD_CHG_002 (₹1,981.66). Settlement funds withheld by payment processor pending merchant evidence submission.","Disputed order: Customer initiated dispute/chargeback for internal order ORD_CHG_002 (₹1,981.66). Settlement funds withheld by payment processor pending merchant evidence submission.","['ERP amount', 'Dispute status flag']","-₹1,981.66 withheld pending dispute resolution",Upload Proof of Delivery and customer communication to Razorpay Merchant Portal before dispute cutoff date.,Pending Review,2026-09-03T18:53:57.821544+00:00,"{'internal_status': 'DISPUTED', 'dispute_amount': 1981.66}"
REC_T2_CHG_ORD_CHG_003,REC_T2_CHG_ORD_CHG_003,ORD_CHG_003,,,3989.51,0.0,0.0,0.0,0.0,0.0,-3989.51,Exception,CHARGEBACK_DEDUCTION,TIER_2_AI_REASONING,Exception Review,CHARGEBACK_DEDUCTION,0.95,"Disputed order: Customer initiated dispute/chargeback for internal order ORD_CHG_003 (₹3,989.51). Settlement funds withheld by payment processor pending merchant evidence submission.","Disputed order: Customer initiated dispute/chargeback for internal order ORD_CHG_003 (₹3,989.51). Settlement funds withheld by payment processor pending merchant evidence submission.","['ERP amount', 'Dispute status flag']","-₹3,989.51 withheld pending dispute resolution",Upload Proof of Delivery and customer communication to Razorpay Merchant Portal before dispute cutoff date.,Pending Review,2026-09-03T18:53:57.821544+00:00,"{'internal_status': 'DISPUTED', 'dispute_amount': 3989.51}"
REC_T2_UNMATCHED_INT_ORD_INF_004,REC_T2_UNMATCHED_INT_ORD_INF_004,ORD_INF_004,,,5400.0,0.0,0.0,0.0,0.0,0.0,-5400.0,Exception,IN_FLIGHT_SETTLEMENT,TIER_2_AI_REASONING,Exception Review,IN_FLIGHT_SETTLEMENT,0.9,"Pending gateway settlement: Internal order ORD_INF_004 (₹5,400.00) recorded in ERP awaiting payment gateway settlement processing.","Pending gateway settlement: Internal order ORD_INF_004 (₹5,400.00) recorded in ERP awaiting payment gateway settlement processing.","['ERP amount', 'Settlement timing']","₹5,400.00 awaiting gateway capture",Monitor gateway settlement schedule.,Pending Review,2026-09-03T18:53:57.821544+00:00,{'internal_status': 'SUCCESS'}
