txn_date,narration,utr,credit_amount,running_balance
2026-08-21,CMS/RAZORPAY SETTLEMENT/UTR9026STD0001/MDR2PCT,UTR9026STD0001,11414.09,2511414.09
2026-08-21,CMS/RAZORPAY SETTLEMENT/UTR9026STD0002/MDR2PCT,UTR9026STD0002,4672.67,2516086.76
2026-08-21,CMS/RAZORPAY SETTLEMENT/UTR9026STD0003/MDR2PCT,UTR9026STD0003,12050.97,2528137.73
2026-08-21,CMS/RAZORPAY SETTLEMENT/UTR9026STD0004/MDR2PCT,UTR9026STD0004,1031.28,2529169.01
2026-08-21,CMS/RAZORPAY SETTLEMENT/UTR9026STD0005/MDR2PCT,UTR9026STD0005,9123.21,2538292.22
2026-08-22,CMS/RAZORPAY SETTLEMENT/UTR9026STD0006/MDR2PCT,UTR9026STD0006,12722.82,2551015.04
2026-08-21,CMS/RAZORPAY SETTLEMENT/UTR9026STD0007/MDR2PCT,UTR9026STD0007,4254.87,2555269.91
2026-08-22,CMS/RAZORPAY SETTLEMENT/UTR9026STD0008/MDR2PCT,UTR9026STD0008,13453.95,2568723.86
2026-08-22,CMS/RAZORPAY SETTLEMENT/UTR9026STD0009/MDR2PCT,UTR9026STD0009,6302.05,2575025.91
2026-08-22,CMS/RAZORPAY SETTLEMENT/UTR9026STD0010/MDR2PCT,UTR9026STD0010,2234.67,2577260.58
2026-08-22,CMS/RAZORPAY SETTLEMENT/UTR9026STD0011/MDR2PCT,UTR9026STD0011,14969.34,2592229.92
2026-08-22,CMS/RAZORPAY SETTLEMENT/UTR9026STD0012/MDR2PCT,UTR9026STD0012,12957.13,2605187.05
2026-08-22,CMS/RAZORPAY SETTLEMENT/UTR9026STD0013/MDR2PCT,UTR9026STD0013,1834.66,2607021.71
2026-08-22,CMS/RAZORPAY SETTLEMENT/UTR9026STD0014/MDR2PCT,UTR9026STD0014,10353.42,2617375.13
2026-08-22,CMS/RAZORPAY SETTLEMENT/UTR9026STD0015/MDR2PCT,UTR9026STD0015,11787.21,2629162.34
2026-08-22,CMS/RAZORPAY SETTLEMENT/UTR9026STD0016/MDR2PCT,UTR9026STD0016,15103.02,2644265.36
2026-08-22,CMS/RAZORPAY SETTLEMENT/UTR9026STD0017/MDR2PCT,UTR9026STD0017,8235.63,2652500.99
2026-08-22,CMS/RAZORPAY SETTLEMENT/UTR9026STD0018/MDR2PCT,UTR9026STD0018,6558.72,2659059.71
2026-08-23,CMS/RAZORPAY SETTLEMENT/UTR9026STD0019/MDR2PCT,UTR9026STD0019,10896.41,2669956.12
2026-08-23,CMS/RAZORPAY SETTLEMENT/UTR9026STD0020/MDR2PCT,UTR9026STD0020,3280.26,2673236.38
2026-08-23,CMS/RAZORPAY SETTLEMENT/UTR9026STD0021/MDR2PCT,UTR9026STD0021,4240.76,2677477.14
2026-08-23,CMS/RAZORPAY SETTLEMENT/UTR9026STD0022/MDR2PCT,UTR9026STD0022,4401.94,2681879.08
2026-08-23,CMS/RAZORPAY SETTLEMENT/UTR9026STD0023/MDR2PCT,UTR9026STD0023,7342.9,2689221.98
2026-08-23,CMS/RAZORPAY SETTLEMENT/UTR9026STD0024/MDR2PCT,UTR9026STD0024,4121.34,2693343.32
2026-08-23,CMS/RAZORPAY SETTLEMENT/UTR9026STD0025/MDR2PCT,UTR9026STD0025,2929.44,2696272.76
2026-08-23,CMS/RAZORPAY SETTLEMENT/UTR9026STD0026/MDR2PCT,UTR9026STD0026,9697.7,2705970.46
2026-08-23,CMS/RAZORPAY SETTLEMENT/UTR9026STD0027/MDR2PCT,UTR9026STD0027,15829.3,2721799.76
2026-08-24,CMS/RAZORPAY SETTLEMENT/UTR9026STD0028/MDR2PCT,UTR9026STD0028,17529.51,2739329.27
2026-08-23,CMS/RAZORPAY SETTLEMENT/UTR9026STD0029/MDR2PCT,UTR9026STD0029,2041.56,2741370.83
2026-08-24,CMS/RAZORPAY SETTLEMENT/UTR9026STD0030/MDR2PCT,UTR9026STD0030,11209.37,2752580.2
2026-08-24,CMS/RAZORPAY SETTLEMENT/UTR9026STD0031/MDR2PCT,UTR9026STD0031,10679.05,2763259.25
2026-08-23,CMS/RAZORPAY SETTLEMENT/UTR9026STD0032/MDR2PCT,UTR9026STD0032,9529.18,2772788.43
2026-08-24,CMS/RAZORPAY SETTLEMENT/UTR9026STD0033/MDR2PCT,UTR9026STD0033,12136.58,2784925.01
2026-08-24,CMS/RAZORPAY SETTLEMENT/UTR9026STD0034/MDR2PCT,UTR9026STD0034,13621.25,2798546.26
2026-08-24,CMS/RAZORPAY SETTLEMENT/UTR9026STD0035/MDR2PCT,UTR9026STD0035,7917.03,2806463.29
2026-08-24,CMS/RAZORPAY SETTLEMENT/UTR9026STD0036/MDR2PCT,UTR9026STD0036,17094.85,2823558.14
2026-08-24,CMS/RAZORPAY SETTLEMENT/UTR9026STD0037/MDR2PCT,UTR9026STD0037,16082.27,2839640.41
2026-08-24,CMS/RAZORPAY SETTLEMENT/UTR9026STD0038/MDR2PCT,UTR9026STD0038,10893.67,2850534.08
2026-08-24,CMS/RAZORPAY SETTLEMENT/UTR9026STD0039/MDR2PCT,UTR9026STD0039,9704.57,2860238.65
2026-08-24,CMS/RAZORPAY SETTLEMENT/UTR9026STD0040/MDR2PCT,UTR9026STD0040,10722.37,2870961.02
2026-08-24,CMS/RAZORPAY SETTLEMENT/UTR9026STD0041/MDR2PCT,UTR9026STD0041,16363.72,2887324.74
2026-08-24,CMS/RAZORPAY SETTLEMENT/UTR9026STD0042/MDR2PCT,UTR9026STD0042,4603.96,2891928.7
2026-08-25,CMS/RAZORPAY SETTLEMENT/UTR9026STD0043/MDR2PCT,UTR9026STD0043,12994.3,2904923.0
2026-08-25,CMS/RAZORPAY SETTLEMENT/UTR9026STD0044/MDR2PCT,UTR9026STD0044,13574.01,2918497.01
2026-08-25,CMS/RAZORPAY SETTLEMENT/UTR9026STD0045/MDR2PCT,UTR9026STD0045,16667.0,2935164.01
2026-08-25,CMS/RAZORPAY SETTLEMENT/UTR9026STD0046/MDR2PCT,UTR9026STD0046,15395.47,2950559.48
2026-08-25,CMS/RAZORPAY SETTLEMENT/UTR9026STD0047/MDR2PCT,UTR9026STD0047,13393.42,2963952.9
2026-08-25,CMS/RAZORPAY SETTLEMENT/UTR9026STD0048/MDR2PCT,UTR9026STD0048,7305.78,2971258.68
2026-08-25,CMS/RAZORPAY SETTLEMENT/UTR9026STD0049/MDR2PCT,UTR9026STD0049,7974.01,2979232.69
2026-08-25,CMS/RAZORPAY SETTLEMENT/UTR9026STD0050/MDR2PCT,UTR9026STD0050,4724.16,2983956.85
2026-08-25,CMS/RAZORPAY SETTLEMENT/UTR9026STD0051/MDR2PCT,UTR9026STD0051,10540.63,2994497.48
2026-08-25,CMS/RAZORPAY SETTLEMENT/UTR9026STD0052/MDR2PCT,UTR9026STD0052,611.07,2995108.55
2026-08-25,CMS/RAZORPAY SETTLEMENT/UTR9026STD0053/MDR2PCT,UTR9026STD0053,4400.13,2999508.68
2026-08-26,CMS/RAZORPAY SETTLEMENT/UTR9026STD0054/MDR2PCT,UTR9026STD0054,9273.59,3008782.27
2026-08-26,CMS/RAZORPAY SETTLEMENT/UTR9026STD0055/MDR2PCT,UTR9026STD0055,4148.86,3012931.13
2026-08-26,CMS/RAZORPAY SETTLEMENT/UTR9026STD0056/MDR2PCT,UTR9026STD0056,4640.29,3017571.42
2026-08-26,CMS/RAZORPAY SETTLEMENT/UTR9026STD0057/MDR2PCT,UTR9026STD0057,3741.73,3021313.15
2026-08-26,CMS/RAZORPAY SETTLEMENT/UTR9026STD0058/MDR2PCT,UTR9026STD0058,6542.09,3027855.24
2026-08-26,CMS/RAZORPAY SETTLEMENT/UTR9026STD0059/MDR2PCT,UTR9026STD0059,11993.98,3039849.22
2026-08-26,CMS/RAZORPAY SETTLEMENT/UTR9026STD0060/MDR2PCT,UTR9026STD0060,7367.78,3047217.0
2026-08-26,CMS/RAZORPAY SETTLEMENT/UTR9026STD0061/MDR2PCT,UTR9026STD0061,4736.99,3051953.99
2026-08-26,CMS/RAZORPAY SETTLEMENT/UTR9026STD0062/MDR2PCT,UTR9026STD0062,2883.5,3054837.49
2026-08-26,CMS/RAZORPAY SETTLEMENT/UTR9026STD0063/MDR2PCT,UTR9026STD0063,4756.64,3059594.13
2026-08-26,CMS/RAZORPAY SETTLEMENT/UTR9026STD0064/MDR2PCT,UTR9026STD0064,2161.16,3061755.29
2026-08-26,CMS/RAZORPAY SETTLEMENT/UTR9026STD0065/MDR2PCT,UTR9026STD0065,17045.43,3078800.72
2026-08-26,CMS/RAZORPAY SETTLEMENT/UTR9026STD0066/MDR2PCT,UTR9026STD0066,7432.6,3086233.32
2026-08-26,CMS/RAZORPAY SETTLEMENT/UTR9026STD0067/MDR2PCT,UTR9026STD0067,15908.24,3102141.56
2026-08-27,CMS/RAZORPAY SETTLEMENT/UTR9026STD0068/MDR2PCT,UTR9026STD0068,17324.17,3119465.73
2026-08-27,CMS/RAZORPAY SETTLEMENT/UTR9026STD0069/MDR2PCT,UTR9026STD0069,5362.25,3124827.98
2026-08-27,CMS/RAZORPAY SETTLEMENT/UTR9026STD0070/MDR2PCT,UTR9026STD0070,11797.59,3136625.57
2026-08-27,CMS/RAZORPAY SETTLEMENT/UTR9026STD0071/MDR2PCT,UTR9026STD0071,5558.05,3142183.62
2026-08-27,CMS/RAZORPAY SETTLEMENT/UTR9026STD0072/MDR2PCT,UTR9026STD0072,1529.78,3143713.4
2026-08-27,CMS/RAZORPAY SETTLEMENT/UTR9026STD0073/MDR2PCT,UTR9026STD0073,10470.05,3154183.45
2026-08-27,CMS/RAZORPAY SETTLEMENT/UTR9026STD0074/MDR2PCT,UTR9026STD0074,1460.1,3155643.55
2026-08-27,CMS/RAZORPAY SETTLEMENT/UTR9026STD0075/MDR2PCT,UTR9026STD0075,1659.02,3157302.57
2026-08-27,CMS/RAZORPAY SETTLEMENT/UTR9026STD0076/MDR2PCT,UTR9026STD0076,7387.51,3164690.08
2026-08-28,CMS/RAZORPAY SETTLEMENT/UTR9026STD0077/MDR2PCT,UTR9026STD0077,11071.58,3175761.66
2026-08-27,CMS/RAZORPAY SETTLEMENT/UTR9026STD0078/MDR2PCT,UTR9026STD0078,5894.01,3181655.67
2026-08-27,CMS/RAZORPAY SETTLEMENT/UTR9026STD0079/MDR2PCT,UTR9026STD0079,4566.62,3186222.29
2026-08-27,CMS/RAZORPAY SETTLEMENT/UTR9026STD0080/MDR2PCT,UTR9026STD0080,8300.79,3194523.08
2026-08-27,CMS/RAZORPAY SETTLEMENT/UTR9026STD0081/MDR2PCT,UTR9026STD0081,8318.93,3202842.01
2026-08-28,CMS/RAZORPAY SETTLEMENT/UTR9026STD0082/MDR2PCT,UTR9026STD0082,9674.76,3212516.77
2026-08-28,CMS/RAZORPAY SETTLEMENT/UTR9026FEE001/CUSTOM_TIER,UTR9026FEE001,70066.74,3282583.51
2026-08-28,CMS/RAZORPAY SETTLEMENT/UTR9026FEE002/CUSTOM_TIER,UTR9026FEE002,67236.01,3349819.52
2026-08-28,CMS/RAZORPAY SETTLEMENT/UTR9026FEE003/CUSTOM_TIER,UTR9026FEE003,67149.89,3416969.41
2026-08-28,CMS/RAZORPAY SETTLEMENT/UTR9026FEE004/CUSTOM_TIER,UTR9026FEE004,39610.26,3456579.67
2026-08-28,CMS/RAZORPAY SETTLEMENT/UTR9026FEE005/CUSTOM_TIER,UTR9026FEE005,28168.51,3484748.18
2026-08-30,CMS/RAZORPAY BATCH PAYOUT/UTR9026BAT001/MULTI_ORDER,UTR9026BAT001,17468.97,3502217.15
2026-08-30,CMS/RAZORPAY BATCH PAYOUT/UTR9026BAT002/MULTI_ORDER,UTR9026BAT002,17396.34,3519613.49
2026-08-31,CMS/RAZORPAY BATCH PAYOUT/UTR9026BAT003/MULTI_ORDER,UTR9026BAT003,11988.97,3531602.46
